{"type":"FeatureCollection","crs":{"type":"name","properties":{"name":"EPSG:4326"}},"features":[{"type":"Feature","geometry":{"type":"Polygon","coordinates":[[[-122.207111224662,47.6174533173195],[-122.207115720285,47.6172087942509],[-122.207010835823,47.6150334059803],[-122.206983627296,47.6138492212259],[-122.20696640846,47.6127362068857],[-122.206911771551,47.6112809036516],[-122.2068729788,47.6108865344737],[-122.206864513079,47.6105658310597],[-122.206850908623,47.6102040612559],[-122.206870890944,47.6097322086591],[-122.206937265467,47.6096354399792],[-122.207048877922,47.6095628028409],[-122.207253789698,47.6094917800711],[-122.207748585805,47.6093432248833],[-122.207804319446,47.6093041646294],[-122.208002497258,47.6092853193475],[-122.208228107821,47.6092304968763],[-122.208452269116,47.6091208532665],[-122.209795127448,47.6098711857024],[-122.212259658964,47.6109612243987],[-122.220111090225,47.6140574225428],[-122.222504425041,47.6087746800858],[-122.224096014,47.6074912055426],[-122.22834916716,47.6045264297469],[-122.233149169409,47.6065264304024],[-122.24674917059,47.6090264302698],[-122.263666175981,47.6131204268418],[-122.262737177852,47.6211514292613],[-122.262253177512,47.6247814266354],[-122.262249176665,47.6248174275858],[-122.262227177691,47.6248904290224],[-122.261106176935,47.6286994292878],[-122.261018179974,47.6293924295313],[-122.260690176613,47.632012427912],[-122.260066182719,47.6369954280998],[-122.259861179478,47.6386094275944],[-122.259637180134,47.6403794297073],[-122.259619183738,47.6404594293561],[-122.259544181186,47.6408004286889],[-122.259498183236,47.6410124295723],[-122.259385181537,47.6415294307255],[-122.259115182251,47.6426414307727],[-122.258197180791,47.6449764302643],[-122.256923181571,47.6472344309522],[-122.255307181638,47.6493894300072],[-122.253366183905,47.6514184311756],[-122.251182181741,47.6532484315278],[-122.251045181771,47.6533514305023],[-122.249568182888,47.6542494298012],[-122.245941185022,47.6561374323534],[-122.242005184191,47.6577724338493],[-122.232354344483,47.6395885906812],[-122.231990591821,47.6391872522755],[-122.232009563445,47.6362723367355],[-122.231528742226,47.6361932431988],[-122.230815217318,47.6360594227364],[-122.230412113441,47.6360040472734],[-122.229798352002,47.6359594803706],[-122.229607527993,47.6359535951716],[-122.229047002411,47.6359275658162],[-122.228596706661,47.6359276016938],[-122.22792837793,47.6359659512677],[-122.22790930696,47.6348008607829],[-122.227923155379,47.6341069806395],[-122.227934031186,47.631940716308],[-122.227966781262,47.6283209554578],[-122.225958631143,47.6283071550429],[-122.223939345554,47.6283318419213],[-122.221165059885,47.6283355386282],[-122.219948181558,47.6283339171088],[-122.217867412864,47.6283345675301],[-122.217875555288,47.6274214051034],[-122.217862090165,47.6270678601024],[-122.21787186063,47.6256062902802],[-122.217875896122,47.625148338985],[-122.217878671051,47.6241858871707],[-122.217877368922,47.6238321931407],[-122.21788181019,47.6232371398188],[-122.217897673879,47.6229188827992],[-122.215204909737,47.6229269302506],[-122.214414087842,47.6229283032688],[-122.211611563123,47.6229266300447],[-122.211129237086,47.6229379539192],[-122.209981554735,47.6229408725039],[-122.20785234951,47.6229419288332],[-122.207065869653,47.6229541657664],[-122.207070298731,47.6211252480829],[-122.207098689653,47.6192823309224],[-122.207114116718,47.6180236005298],[-122.207118823324,47.6178946732884],[-122.207117738702,47.6177000091223],[-122.207111224662,47.6174533173195]]]},"properties":{"BSD_Name":"Medina Elementary","OSPI_Name":"Medina Elementary School","School_Grades_Serviced":"K-5"}},{"type":"Feature","geometry":{"type":"MultiPolygon","coordinates":[[[[-122.156382319438,47.6294935472593],[-122.157689897014,47.6295523731811],[-122.159129191339,47.629686423802],[-122.161174923278,47.6299011239784],[-122.163468867211,47.6301457910485],[-122.164122702927,47.6301765351917],[-122.164293293065,47.6301855089442],[-122.167156868076,47.6300231220798],[-122.169232987211,47.6298397463915],[-122.17036516813,47.6298593566803],[-122.17188637856,47.6300224444916],[-122.172885635792,47.6302355267522],[-122.174172213549,47.630579569093],[-122.174853430015,47.6307278313265],[-122.175200442114,47.6308142242893],[-122.175715194791,47.6309562179944],[-122.176213237473,47.6310792135867],[-122.176621574812,47.6311840723289],[-122.176996693032,47.631259160858],[-122.177384545114,47.6313560319939],[-122.177801280203,47.6314717557007],[-122.178254299519,47.6315788213665],[-122.178466511707,47.6316284110268],[-122.178743959131,47.631690938052],[-122.178961077811,47.6317733715525],[-122.17951498385,47.6318600468625],[-122.180138183182,47.6319596098943],[-122.180594273331,47.6320282450287],[-122.181593112629,47.6320657731947],[-122.182034978965,47.6320550552991],[-122.182837040328,47.632012647591],[-122.184779442394,47.6319896047371],[-122.185354412754,47.6319498739537],[-122.18578041341,47.6319530397359],[-122.186463526671,47.6320162117828],[-122.186887112819,47.6320824658592],[-122.187188405314,47.6321254948268],[-122.187575925531,47.632208627162],[-122.187898850466,47.6323034936985],[-122.187810877555,47.6326637312615],[-122.187721690382,47.6329773698673],[-122.187635629795,47.6332553275004],[-122.1875680603,47.6334645169635],[-122.187539400817,47.6336101788097],[-122.187561762892,47.6336135876192],[-122.187557692199,47.633625452123],[-122.187534502803,47.6336928506517],[-122.187529562139,47.6337072500814],[-122.18750162202,47.6337885766345],[-122.187477751329,47.6338579586343],[-122.187453765925,47.6339276687681],[-122.187430498427,47.6339953409295],[-122.187405309601,47.6340686594226],[-122.187381250946,47.6341386692444],[-122.187357983814,47.6342063171112],[-122.187332830244,47.6342794966059],[-122.187309750962,47.6343465632829],[-122.187286295166,47.6344148147255],[-122.187260917061,47.6344885992037],[-122.187237920085,47.6345555837829],[-122.187218642061,47.6346115292429],[-122.187204270209,47.6346532403683],[-122.187190942803,47.6346928827598],[-122.187158598864,47.6347889606822],[-122.187106394313,47.6349434823632],[-122.1870998824,47.6349627827386],[-122.187051971561,47.6351046684853],[-122.187051031796,47.635107396001],[-122.187045631982,47.6351228977372],[-122.187042840914,47.635130962937],[-122.187018792851,47.635199908309],[-122.187000674172,47.6352518339492],[-122.186929857374,47.6354549177428],[-122.1868998106,47.6355411824475],[-122.186875659261,47.6356107023052],[-122.18685214694,47.635678378704],[-122.186827464486,47.6357494147069],[-122.186805424098,47.6358128491826],[-122.186788066517,47.6358628486692],[-122.186664126135,47.6362195907324],[-122.186634319913,47.6372973526136],[-122.186625142948,47.6376289572486],[-122.186622976294,47.6391500035484],[-122.186618257523,47.639319455214],[-122.186615866063,47.6395674629559],[-122.186613758774,47.6398154934978],[-122.186612020096,47.6400635196405],[-122.186610603297,47.640311541991],[-122.186610191552,47.64039712345],[-122.186609180136,47.6406451686203],[-122.186612162164,47.6411556512619],[-122.186613123647,47.6411895259513],[-122.186615519243,47.6412676725278],[-122.186618247454,47.6413458107295],[-122.186621332304,47.6414239464468],[-122.18662470587,47.6415020806615],[-122.186628404047,47.641580206617],[-122.18663246153,47.6416583309407],[-122.186636809071,47.6417364511375],[-122.186641478962,47.6418145395967],[-122.186645248576,47.6418784346186],[-122.186646513585,47.6418926246321],[-122.186651832894,47.6419707055496],[-122.18665747149,47.6420487827404],[-122.186663480034,47.642126854581],[-122.186669771126,47.6422048962874],[-122.186676386995,47.6422829377519],[-122.18668336872,47.6423609694013],[-122.186690632983,47.6424389736584],[-122.186698220537,47.6425169722799],[-122.186706173254,47.6425949422461],[-122.186714409338,47.6426729044805],[-122.18672297024,47.6427508675003],[-122.186730259219,47.6428145092087],[-122.186731895919,47.6428287927539],[-122.186741103996,47.6429067211881],[-122.186750637042,47.6429846133909],[-122.186918342982,47.6442370434313],[-122.186926557277,47.6443172026505],[-122.186935138125,47.6444038530194],[-122.186943402523,47.6444905124826],[-122.186951338063,47.6445771703895],[-122.186958951226,47.6446638617416],[-122.186966239725,47.6447505560008],[-122.186973203616,47.6448372549485],[-122.186979839666,47.6449239846786],[-122.186986158306,47.6450106902729],[-122.186992147303,47.6450974563558],[-122.186997772192,47.6451841971272],[-122.187003115057,47.6452709455359],[-122.187008134061,47.6453577193232],[-122.187012824504,47.6454445014893],[-122.187017198308,47.6455312873377],[-122.187021240654,47.6456180734499],[-122.187024957013,47.6457048660529],[-122.187028355047,47.6457916893696],[-122.187034235439,47.6460658919124],[-122.187029805111,47.6464334954517],[-122.185552497994,47.6464327864683],[-122.175009893987,47.6463797134755],[-122.164225587393,47.6461594847646],[-122.164340418993,47.653433907109],[-122.153476044642,47.6534512688542],[-122.148408845727,47.6534588915256],[-122.148400606665,47.6534294944881],[-122.148269395202,47.6459950119975],[-122.148355923417,47.6415548957167],[-122.148322410591,47.6403899805264],[-122.148430612047,47.6315132376163],[-122.148293155257,47.6315312777786],[-122.148896056799,47.631204203756],[-122.14897844521,47.6311595069822],[-122.149501568656,47.6308757105655],[-122.150666219544,47.6304153100925],[-122.151837894472,47.6300727190175],[-122.153084837018,47.6298197241284],[-122.153904587806,47.6296758644767],[-122.155142619484,47.6295518195423],[-122.156382319438,47.6294935472593]]]]},"properties":{"BSD_Name":"Cherry Crest Elementary","OSPI_Name":"Cherry Crest Elementary School","School_Grades_Serviced":"K-5"}},{"type":"Feature","geometry":{"type":"Polygon","coordinates":[[[-122.1155572105,47.5961476041782],[-122.11561547482,47.5961445794493],[-122.116074079481,47.5961497955409],[-122.1161659891,47.5961508414933],[-122.122386751013,47.5962215988653],[-122.122440141447,47.5954313332608],[-122.12245966696,47.5944193596658],[-122.126493418444,47.594444865834],[-122.126501083866,47.5926323971724],[-122.127916153113,47.5926519454077],[-122.127911763362,47.5941051908981],[-122.128395762624,47.5944972551434],[-122.128716789441,47.5948555284595],[-122.128946486868,47.5951270999472],[-122.128982907405,47.5962645651443],[-122.131760518485,47.5962888479779],[-122.13184127157,47.5962895537187],[-122.131783496185,47.5994982144625],[-122.131781459145,47.599904035229],[-122.134246778861,47.5999279681109],[-122.135966000609,47.5999439406959],[-122.136096412908,47.600943234025],[-122.137353099209,47.6023984872759],[-122.136851642,47.6026098745869],[-122.136143689459,47.6028318501813],[-122.135470970648,47.6030040652086],[-122.134696240809,47.6031500236267],[-122.133645565953,47.6032854206017],[-122.1318988211,47.6033081120306],[-122.130759606012,47.603307399599],[-122.130997985192,47.6037625741923],[-122.131762688008,47.6050014061711],[-122.13204017789,47.6053985528757],[-122.132121426778,47.6055676226611],[-122.132171005164,47.6057672138922],[-122.132184978318,47.6061646270908],[-122.132250740904,47.6073374010981],[-122.132309991473,47.6090613678338],[-122.132304418273,47.60981270677],[-122.135617719906,47.6098406410881],[-122.137061153888,47.6098405633537],[-122.138216863944,47.6098465095345],[-122.139697122551,47.6098596854119],[-122.140207993006,47.6098593039844],[-122.142997856724,47.609871098212],[-122.143017189686,47.6108003753168],[-122.143039217007,47.611192210973],[-122.14307147132,47.6127958441665],[-122.143104547772,47.6139114778128],[-122.143107964989,47.6140267478329],[-122.14312518676,47.6146076128707],[-122.143141473949,47.6152545930511],[-122.143137413978,47.6152545576422],[-122.143171350686,47.6164414037893],[-122.143170453771,47.6170501133553],[-122.138421301186,47.6170279009058],[-122.136162472907,47.6170236213559],[-122.13516491508,47.6170240695417],[-122.13439438145,47.6170219138617],[-122.134207213054,47.6169966343311],[-122.133623711751,47.6170142704169],[-122.132472170948,47.6170191954076],[-122.12979158948,47.6170141188581],[-122.128157282765,47.6170107910245],[-122.127256747966,47.6169990973026],[-122.126129122961,47.6169872355061],[-122.121732886605,47.6169685436109],[-122.121729881233,47.6169153065481],[-122.12163174252,47.6151765033714],[-122.121518307879,47.6133791182504],[-122.119636498977,47.6133647592824],[-122.119153563385,47.6133482826506],[-122.118861627843,47.6133488394475],[-122.11884996978,47.6127128567581],[-122.117632576303,47.6125099947794],[-122.11718659288,47.6120187479108],[-122.117695584031,47.6117772030531],[-122.117612746965,47.6095709317715],[-122.116133043728,47.6095793971015],[-122.115959817079,47.606005949714],[-122.115990618152,47.6052817484668],[-122.115940899177,47.6042513659172],[-122.11521108532,47.6042486234536],[-122.115204198731,47.6039690299581],[-122.114117051236,47.603942886842],[-122.114124487848,47.6037508715964],[-122.114814645702,47.6036252005395],[-122.114271431721,47.6029677850326],[-122.114266921948,47.6024551054218],[-122.115254338124,47.6023836639374],[-122.115377905079,47.5998295896369],[-122.115495714541,47.5980295945252],[-122.115484033338,47.5975553830537],[-122.115502000744,47.5972974435965],[-122.115521319339,47.596929815324],[-122.115586566581,47.5962874818448],[-122.1155572105,47.5961476041782]]]},"properties":{"BSD_Name":"Phantom Lake Elementary","OSPI_Name":"Phantom Lake Elementary","School_Grades_Serviced":"K-5"}},{"type":"Feature","geometry":{"type":"Polygon","coordinates":[[[-122.159131141211,47.6171958673165],[-122.159150822803,47.617195896771],[-122.159212293162,47.6171959894071],[-122.161722634015,47.6171997480706],[-122.164371147406,47.6172181570654],[-122.167235505533,47.6172723614623],[-122.16957165619,47.6172860836077],[-122.171563289189,47.617306552528],[-122.172825065707,47.6173300953201],[-122.174991094278,47.6173511934446],[-122.176763038907,47.6173439995447],[-122.178392951505,47.6173329727988],[-122.180351661183,47.617334483613],[-122.183339796552,47.6173127857803],[-122.185667702936,47.6173207922356],[-122.186592435432,47.6173262520258],[-122.188774899875,47.6173551172135],[-122.191005799569,47.6173751380611],[-122.193666778968,47.6174036841169],[-122.196356140345,47.6174318278259],[-122.199024730272,47.6174409642974],[-122.201725465063,47.6174386842698],[-122.204401948358,47.6174393741398],[-122.207111224576,47.6174533146474],[-122.207117738702,47.6177000091223],[-122.207118823324,47.6178946732884],[-122.207114116718,47.6180236005298],[-122.207098689653,47.6192823309224],[-122.207070298731,47.6211252480829],[-122.207065869653,47.6229541657664],[-122.20785234951,47.6229419288332],[-122.209981554735,47.6229408725039],[-122.211129237086,47.6229379539192],[-122.211611563123,47.6229266300447],[-122.214414087842,47.6229283032688],[-122.215204909737,47.6229269302506],[-122.217897673879,47.6229188827992],[-122.21788181019,47.6232371398188],[-122.217877368922,47.6238321931407],[-122.217878671051,47.6241858871707],[-122.217875896122,47.625148338985],[-122.21787186063,47.6256062902802],[-122.217862090165,47.6270678601024],[-122.217875555288,47.6274214051034],[-122.217867412864,47.6283345675301],[-122.219948181558,47.6283339171088],[-122.221165059885,47.6283355386282],[-122.223939345554,47.6283318419213],[-122.225958631143,47.6283071550429],[-122.227966781262,47.6283209554578],[-122.227934031186,47.631940716308],[-122.227923155379,47.6341069806395],[-122.22790930696,47.6348008607829],[-122.22792837793,47.6359659512677],[-122.228596706661,47.6359276016938],[-122.229047002411,47.6359275658162],[-122.229607527993,47.6359535951716],[-122.229798352002,47.6359594803706],[-122.230412113441,47.6360040472734],[-122.230815217318,47.6360594227364],[-122.231528742226,47.6361932431988],[-122.232009563445,47.6362723367355],[-122.231990591821,47.6391872522755],[-122.232354344483,47.6395885906812],[-122.242005184191,47.6577724338493],[-122.22705563894,47.6576218903312],[-122.212106180194,47.6574694351707],[-122.207064234796,47.648978437435],[-122.207064183017,47.6489569560872],[-122.207063822105,47.6488143266502],[-122.207063728818,47.6487730145832],[-122.207063477256,47.6486634679372],[-122.207063428729,47.6486417967359],[-122.207063395693,47.6486270914555],[-122.207063011955,47.6484585230433],[-122.207062910958,47.6484143513608],[-122.207062141548,47.6480761943508],[-122.20706143159,47.6477658666075],[-122.20705945735,47.6468999971602],[-122.207058419227,47.6464424865546],[-122.207058233172,47.6463413018701],[-122.207058188709,47.6463175976576],[-122.207057039534,47.6457365581718],[-122.207056470164,47.6454441235689],[-122.207056375676,47.6453898912086],[-122.207055672179,47.6450183370628],[-122.207054901104,47.6446093094948],[-122.207053656038,47.643970250944],[-122.207053095857,47.6436838779958],[-122.207052990076,47.6436461209927],[-122.207052900857,47.6435874420823],[-122.207052806053,47.6435330729276],[-122.207027492124,47.6435317628866],[-122.206993522671,47.6435297590251],[-122.206959624222,47.6435275652032],[-122.20692572591,47.6435251222057],[-122.206912160218,47.6435240639801],[-122.206891897144,47.6435224848138],[-122.206858066813,47.6435196306247],[-122.206824305747,47.6435165289225],[-122.206790586447,47.6435132331636],[-122.206756937149,47.6435097160653],[-122.206723327152,47.6435060102931],[-122.206689749217,47.6435020576204],[-122.206656249176,47.6434978797916],[-122.206623469076,47.6434936131454],[-122.206574082037,47.643486754024],[-122.206417012267,47.6434648188127],[-122.206260019107,47.643442693428],[-122.206175048145,47.6434305882796],[-122.206103140205,47.64342034668],[-122.205946258336,47.6433977793232],[-122.20578949593,47.6433749914872],[-122.205632803887,47.6433519828621],[-122.205616701355,47.6433495969569],[-122.205476145694,47.6433287819484],[-122.205319569029,47.643305334995],[-122.205163063422,47.6432816951413],[-122.205006636916,47.6432578569235],[-122.204850283918,47.6432337754575],[-122.204255852515,47.6431490526751],[-122.20424519434,47.6431479192576],[-122.204222210399,47.6431456201542],[-122.204199148229,47.6431435389987],[-122.204176093147,47.6431416762589],[-122.204152967053,47.6431400097697],[-122.204129803566,47.6431385885301],[-122.204106642982,47.6431373849446],[-122.204083451003,47.6431364048606],[-122.204060222482,47.6431356142176],[-122.204037001868,47.6431350708359],[-122.20401374437,47.6431347474714],[-122.203990493054,47.6431346174479],[-122.203967245602,47.643134732003],[-122.203944008226,47.6431350379915],[-122.203920774888,47.6431355940397],[-122.203897548403,47.6431363676156],[-122.203874363975,47.6431373304445],[-122.203851188854,47.6431385431874],[-122.203828018394,47.6431399429875],[-122.203804895923,47.6431415939191],[-122.203781818988,47.6431434636645],[-122.203758788032,47.643145521646],[-122.203735758714,47.6431477990822],[-122.203712823934,47.6431503242973],[-122.203689927137,47.643153041498],[-122.203667081234,47.6431559738016],[-122.203644324879,47.6431591279096],[-122.203621611394,47.6431624999793],[-122.203598986124,47.6431660902402],[-122.203576406944,47.6431698723],[-122.203553954021,47.6431738981113],[-122.203531547116,47.6431781166825],[-122.203509225658,47.6431825525256],[-122.203487034206,47.6431871781203],[-122.203464926896,47.643192024639],[-122.203442909033,47.6431970866578],[-122.203421014367,47.643202341201],[-122.203399211881,47.6432078111359],[-122.203377530876,47.6432135024096],[-122.203355981061,47.6432193824583],[-122.203334557123,47.6432254532105],[-122.203313220078,47.643231742105],[-122.20329205004,47.6432382202117],[-122.203271004188,47.6432449186583],[-122.203250128082,47.6432518062772],[-122.203229381904,47.6432588844722],[-122.203208756084,47.6432661489275],[-122.203188302858,47.6432736060096],[-122.203168016342,47.6432812810977],[-122.20315223171,47.643287423259],[-122.203147856112,47.6432891216591],[-122.203127903779,47.643297174142],[-122.203108075125,47.6433053930274],[-122.203088456145,47.64331379687],[-122.203069005659,47.6433223952505],[-122.203049722337,47.6433311845554],[-122.203030643684,47.6433401292106],[-122.203011733658,47.6433492693615],[-122.202992992082,47.6433585994588],[-122.202974457825,47.6433680885008],[-122.202956128155,47.6433777715544],[-122.202938010288,47.6433875855896],[-122.202920095058,47.6433976151883],[-122.202902392989,47.6434077802044],[-122.202884892784,47.643418136599],[-122.202867599167,47.6434286258336],[-122.202850560435,47.6434393056047],[-122.202833719121,47.6434501201321],[-122.202817088765,47.643461124946],[-122.202800712981,47.6434722628599],[-122.202784536691,47.6434835624384],[-122.202768608091,47.6434949924073],[-122.202752928401,47.6435065878441],[-122.202737493484,47.6435183462044],[-122.202722310366,47.643530236609],[-122.202660504316,47.6435821958559],[-122.202076448442,47.6440921144675],[-122.201974701438,47.6441788305059],[-122.201943258595,47.6442066857258],[-122.201942707056,47.6442072109461],[-122.201931069068,47.644218209441],[-122.201919716226,47.6442293423068],[-122.201908608895,47.6442405785905],[-122.201897790796,47.6442519501454],[-122.201887259747,47.6442634299278],[-122.20187697639,47.6442750401035],[-122.201866979151,47.6442867324731],[-122.201857267057,47.6442985592141],[-122.201847886901,47.6443104863994],[-122.201838747773,47.644322497259],[-122.2018298964,47.6443346415609],[-122.201821332291,47.6443468626939],[-122.201813096895,47.6443591626581],[-122.201805107156,47.6443715705629],[-122.201797443337,47.6443840555578],[-122.201790104177,47.6443966195118],[-122.201783053658,47.6444092620591],[-122.201776286563,47.6444219849896],[-122.201769846776,47.6444347840304],[-122.201763693025,47.6444476626625],[-122.20175786698,47.6444605949161],[-122.201752365954,47.6444735728794],[-122.20174715109,47.6444866311862],[-122.201742262618,47.6444997432024],[-122.201737655704,47.64451287716],[-122.201733420088,47.6445260893971],[-122.201729469545,47.6445393541642],[-122.201725844533,47.6445526393404],[-122.201722542003,47.6445659765011],[-122.20171956906,47.644579340318],[-122.201716874856,47.6445927235128],[-122.201714549914,47.6446061624656],[-122.201712552121,47.6446195930147],[-122.201710837026,47.6446330779794],[-122.201709490243,47.6446465539405],[-122.201708849978,47.6446992892996],[-122.201707518794,47.6446487191169],[-122.201705646085,47.644628588468],[-122.201703414091,47.6446084603847],[-122.201700896942,47.6445883661395],[-122.201698053332,47.6445683018107],[-122.201694888993,47.6445482403763],[-122.201691400085,47.6445281855251],[-122.201687589532,47.6445081874585],[-122.20168340997,47.6444882208882],[-122.20167895097,47.6444682575012],[-122.201674208998,47.6444483549273],[-122.201669099406,47.6444284828697],[-122.201663667183,47.6444086398499],[-122.201657914047,47.644388832012],[-122.201651875161,47.6443690805721],[-122.201645513274,47.6443493878554],[-122.201638828983,47.644329724927],[-122.201631820592,47.6443101243708],[-122.201624493537,47.6442905499838],[-122.201616835263,47.6442710659708],[-122.201608899704,47.6442516111565],[-122.201600639927,47.6442322150144],[-122.201592059487,47.6442129062818],[-122.201583191194,47.6441936260793],[-122.201574006179,47.6441744359705],[-122.201564495129,47.644155327043],[-122.20155466515,47.6441362803432],[-122.20154458947,47.6441172893882],[-122.201534150519,47.6440983855723],[-122.201526261768,47.6440838136695],[-122.201516173112,47.6440658357995],[-122.201505799844,47.6440479466635],[-122.20149514573,47.6440301434648],[-122.20148417223,47.6440124231323],[-122.201472914505,47.6439947654807],[-122.201461339631,47.6439772194517],[-122.201449478482,47.6439597576566],[-122.201437336749,47.6439423836453],[-122.20142487285,47.6439250943225],[-122.201412125146,47.6439079189461],[-122.201399097944,47.6438908303778],[-122.201385788053,47.6438738493647],[-122.201372202435,47.6438569875266],[-122.201358332065,47.6438402098996],[-122.201344139935,47.6438235709686],[-122.201329703039,47.6438070201895],[-122.20131495026,47.6437905792999],[-122.201299957528,47.6437742533617],[-122.201284679601,47.6437580422806],[-122.20126912171,47.6437419414559],[-122.201253324799,47.6437259816848],[-122.201237207964,47.6437101354258],[-122.201220888074,47.6436944288733],[-122.201204249461,47.6436788321822],[-122.200284612898,47.642823402953],[-122.200220143962,47.6428234373192],[-122.200080051261,47.6428235290316],[-122.199508317534,47.642823864398],[-122.199003088096,47.6428260029806],[-122.198464537064,47.6428231388634],[-122.197402501045,47.642822486035],[-122.197083843057,47.6428222999556],[-122.196475804008,47.6428230566573],[-122.196415798946,47.6428231167019],[-122.196417992549,47.6427783683657],[-122.196411137002,47.6427968763454],[-122.196398248394,47.6428228896836],[-122.196392483886,47.6428345272459],[-122.196368160009,47.6428706566786],[-122.196338337932,47.6429048771796],[-122.196293588952,47.6429049213026],[-122.196293571777,47.6428979824805],[-122.196293201118,47.6428241450475],[-122.196292937397,47.6427716126892],[-122.196292741203,47.6427324070033],[-122.196290756531,47.6423399062576],[-122.19628561681,47.6413205130742],[-122.195863068747,47.6412352534993],[-122.195413951954,47.6411393976291],[-122.195392198677,47.6411345286837],[-122.195355504368,47.641126136477],[-122.195318887663,47.6411175020566],[-122.195282387956,47.6411086968231],[-122.195246001097,47.6410996731977],[-122.195209731808,47.6410904553086],[-122.195173583318,47.6410810170617],[-122.195137542316,47.6410713576908],[-122.19510162644,47.6410615310908],[-122.195065825987,47.6410514841427],[-122.195030134458,47.6410412196832],[-122.194994603956,47.6410307847314],[-122.194959192892,47.6410201312245],[-122.194927080322,47.6410099874842],[-122.194895123166,47.6409996211037],[-122.194863280874,47.6409890614614],[-122.194831559022,47.6409783084078],[-122.194800033213,47.640967360091],[-122.194768622454,47.6409562211147],[-122.194737369154,47.6409448855165],[-122.194706276167,47.6409333569566],[-122.194675378089,47.6409216356866],[-122.194644596139,47.6409097193551],[-122.194613976005,47.6408976126451],[-122.194583551339,47.6408853339867],[-122.194553242988,47.6408728629375],[-122.19452312694,47.6408602001766],[-122.194493216259,47.6408473418812],[-122.194463462797,47.6408343176086],[-122.194433865434,47.6408210985857],[-122.194404468284,47.6408076877367],[-122.194375264124,47.6407941067585],[-122.194346221508,47.6407803299917],[-122.194317375965,47.640766390234],[-122.194288727452,47.6407522830306],[-122.194260239097,47.6407379810189],[-122.194231990462,47.6407235144378],[-122.194203897512,47.6407088782698],[-122.194176042025,47.6406940479538],[-122.194148383525,47.6406790519756],[-122.194120886254,47.6406638917456],[-122.194093626973,47.6406485571015],[-122.194066611455,47.6406330606404],[-122.1940605137,47.6406294862253],[-122.194039747754,47.6406173973228],[-122.19401312707,47.6406015901585],[-122.193986702731,47.6405855938994],[-122.19396051787,47.6405694286206],[-122.193934529526,47.64055312113],[-122.19390878397,47.6405366211292],[-122.193883277061,47.6405200088768],[-122.193857967715,47.6405032012066],[-122.193832896027,47.6404862534014],[-122.193808064135,47.6404691401369],[-122.193783433926,47.6404518845181],[-122.193759083008,47.6404344935069],[-122.193734930325,47.6404169314025],[-122.193711020644,47.6403992281267],[-122.193687385356,47.6403813598497],[-122.193663954173,47.6403633807149],[-122.193640796979,47.6403452302105],[-122.193617841787,47.6403269409809],[-122.19359517107,47.640308513543],[-122.193572733941,47.6402899423978],[-122.193550584083,47.6402712348547],[-122.193528667354,47.6402524106181],[-122.193506997065,47.6402334226099],[-122.19348560267,47.6402143200298],[-122.193464447375,47.6401950780499],[-122.193443576012,47.6401757222728],[-122.193422942938,47.6401561983874],[-122.193402592027,47.6401365912335],[-122.193382478845,47.6401168430552],[-122.193362687356,47.6400969533882],[-122.193343139378,47.6400769801915],[-122.193323830491,47.6400568641002],[-122.193304841934,47.6400366083912],[-122.193286090427,47.640016270069],[-122.193267667903,47.6399958154464],[-122.193249479236,47.6399752224611],[-122.193231572718,47.6399545426444],[-122.19321394917,47.639933722039],[-122.193196607695,47.6399128154259],[-122.193179586191,47.6398917962082],[-122.193162806905,47.6398706943033],[-122.193146306188,47.6398494759391],[-122.193145005979,47.6398477649882],[-122.192643283339,47.6391853897761],[-122.191239532724,47.6373279825651],[-122.191117456985,47.6371664462698],[-122.191104902347,47.6371498291948],[-122.191071091345,47.6371050980726],[-122.190935482034,47.6369256695527],[-122.19081093551,47.6367639276619],[-122.190795605136,47.6367470296388],[-122.190746142196,47.6366751204647],[-122.190694208836,47.6366064252528],[-122.190640762922,47.6365356937125],[-122.190588363926,47.636466368273],[-122.190539749609,47.6364020200501],[-122.190482902005,47.6363268291988],[-122.190428320911,47.6362545721397],[-122.190404283741,47.6362228056336],[-122.190377056003,47.6361867441417],[-122.190325501027,47.6361185370842],[-122.190275333415,47.6360521494659],[-122.190222433944,47.6359821222785],[-122.190167516992,47.6359094885723],[-122.190115203829,47.6358402723745],[-122.190065541922,47.6357745384625],[-122.190012432491,47.6357042911717],[-122.18999428017,47.6356802671908],[-122.189866896312,47.6355117108033],[-122.189399583692,47.6348932966423],[-122.189248201602,47.6346929929142],[-122.189230310144,47.6346727242876],[-122.189212100907,47.6346525942656],[-122.189193645742,47.6346325532091],[-122.189174914029,47.6346126493377],[-122.189155899884,47.6345928601848],[-122.189136604569,47.6345731839499],[-122.18911706921,47.6345536191463],[-122.189097254996,47.6345341986895],[-122.189077155444,47.6345148876461],[-122.18905681812,47.6344957149393],[-122.189036203508,47.6344766559847],[-122.189015306087,47.6344577414335],[-122.188994164177,47.6344389644245],[-122.188972788972,47.6344203005991],[-122.188951131948,47.634401773965],[-122.188929234167,47.6343834162812],[-122.188926662367,47.634381255042],[-122.188925378879,47.6343801465238],[-122.188901452921,47.6343601954419],[-122.188877286617,47.6343403845144],[-122.188852879897,47.6343207147702],[-122.188828234483,47.6343011573265],[-122.188803346885,47.634281765288],[-122.18877818297,47.6342625175566],[-122.188761880977,47.6342502335676],[-122.188752818099,47.6342434337425],[-122.188727173223,47.6342244610438],[-122.188701330125,47.6342056585287],[-122.188675208003,47.6341869949442],[-122.188648885024,47.634168501581],[-122.1886223214,47.6341501421372],[-122.188595518892,47.6341319274173],[-122.188568480196,47.6341139040619],[-122.188541203051,47.6340959975257],[-122.188513722993,47.6340782827633],[-122.188486045064,47.6340607076751],[-122.188458089066,47.6340432984409],[-122.188429974713,47.6340260597714],[-122.188401618481,47.6340089577111],[-122.188373028912,47.6339920506059],[-122.188344237545,47.6339752840537],[-122.188315244772,47.6339587120625],[-122.188286016952,47.6339422810367],[-122.188278241911,47.6339379857765],[-122.188268400374,47.6339325644625],[-122.188256630054,47.6339260394352],[-122.188227002896,47.6339099407248],[-122.188197175546,47.6338940364888],[-122.188167153943,47.6338782997028],[-122.188136932164,47.6338627547174],[-122.188135621343,47.6338620854841],[-122.188106516549,47.6338473519507],[-122.188075900917,47.6338321427643],[-122.188045122799,47.6338170987168],[-122.188014111273,47.6338022505831],[-122.187992959424,47.6337923026376],[-122.187982940156,47.6337875693283],[-122.187951612651,47.6337730792398],[-122.187920042976,47.6337587581844],[-122.187891480045,47.6337460460549],[-122.187765215767,47.6336921887953],[-122.187727128988,47.6336767682373],[-122.187694378988,47.6336637496329],[-122.187661474133,47.6336509258042],[-122.187628367836,47.6336382955057],[-122.187595144364,47.6336258297574],[-122.187561762892,47.6336135876192],[-122.187539400817,47.6336101788097],[-122.1875680603,47.6334645169635],[-122.187635629795,47.6332553275004],[-122.187721690382,47.6329773698673],[-122.187810877555,47.6326637312615],[-122.187898850466,47.6323034936985],[-122.187575925531,47.632208627162],[-122.187188405314,47.6321254948268],[-122.186887112819,47.6320824658592],[-122.186463526671,47.6320162117828],[-122.18578041341,47.6319530397359],[-122.185354412754,47.6319498739537],[-122.184779442394,47.6319896047371],[-122.182837040328,47.632012647591],[-122.182034978965,47.6320550552991],[-122.181593112629,47.6320657731947],[-122.180594273331,47.6320282450287],[-122.180138183182,47.6319596098943],[-122.17951498385,47.6318600468625],[-122.178961077811,47.6317733715525],[-122.178743959131,47.631690938052],[-122.178466511707,47.6316284110268],[-122.178254299519,47.6315788213665],[-122.177801280203,47.6314717557007],[-122.177384545114,47.6313560319939],[-122.176996693032,47.631259160858],[-122.176621574812,47.6311840723289],[-122.176213237473,47.6310792135867],[-122.175715194791,47.6309562179944],[-122.175200442114,47.6308142242893],[-122.174853430015,47.6307278313265],[-122.174172213549,47.630579569093],[-122.172885635792,47.6302355267522],[-122.17188637856,47.6300224444916],[-122.17036516813,47.6298593566803],[-122.169232987211,47.6298397463915],[-122.167156868076,47.6300231220798],[-122.164293293065,47.6301855089442],[-122.164122702927,47.6301765351917],[-122.163468867211,47.6301457910485],[-122.161174923278,47.6299011239784],[-122.159129191339,47.629686423802],[-122.159101386502,47.6296838345424],[-122.159145082486,47.6244217989862],[-122.159030299774,47.620713350484],[-122.159027396713,47.6190079246405],[-122.160373856542,47.619011426634],[-122.160359730203,47.6179806374322],[-122.159017142122,47.6179688659207],[-122.159037986335,47.6171954076286],[-122.159131507451,47.6172052857749],[-122.159131141211,47.6171958673165]]]},"properties":{"BSD_Name":"Clyde Hill Elementary","OSPI_Name":"Clyde Hill Elementary","School_Grades_Serviced":"K-5"}},{"type":"Feature","geometry":{"type":"Polygon","coordinates":[[[-122.158906600437,47.609969302285],[-122.158930587576,47.6095045080893],[-122.158925980232,47.608979248731],[-122.158887995126,47.6074880990456],[-122.15885519523,47.6055636702109],[-122.158806275807,47.6026879901063],[-122.158712850941,47.6026808524716],[-122.158748859038,47.6018660900712],[-122.158745577558,47.601737259252],[-122.159059253103,47.6014786074861],[-122.1591412218,47.6011952371673],[-122.159238423558,47.6008733027857],[-122.159365955546,47.5999916664064],[-122.159474192299,47.5996257328618],[-122.159616106658,47.5993087603456],[-122.159841796148,47.5989387148283],[-122.160090469159,47.598675334886],[-122.160562447001,47.5982667701464],[-122.161148935867,47.5978979956944],[-122.161437566725,47.5977712411044],[-122.161870894925,47.5975961835282],[-122.162692765641,47.5973973923441],[-122.163306215258,47.5972915138403],[-122.163958026167,47.5972592144215],[-122.164831262431,47.5973257697647],[-122.165429635566,47.5974229574739],[-122.166427628637,47.5977704564734],[-122.166928489723,47.5980168411999],[-122.167282833931,47.5982402645206],[-122.16831744912,47.5989081209038],[-122.169034903352,47.599379531941],[-122.169554044393,47.5997052062744],[-122.169928464046,47.5999201608194],[-122.170441592182,47.6001691274665],[-122.171397134907,47.6005965987463],[-122.172377573693,47.6010457030026],[-122.172868768652,47.6012291125804],[-122.173818842969,47.6014427582238],[-122.174162098258,47.6015483897784],[-122.174379577781,47.6016500198344],[-122.174873116088,47.6019238758016],[-122.175129547393,47.6021210098069],[-122.176917892869,47.6038684359499],[-122.177493373339,47.6035463188117],[-122.178032780653,47.6033973666094],[-122.178536984061,47.6032981811763],[-122.179160206066,47.6032551655156],[-122.180430177009,47.6032949743956],[-122.181595199938,47.603352464287],[-122.18290605974,47.6034054702577],[-122.183088084837,47.603389601605],[-122.183383092506,47.6033531991845],[-122.183712797773,47.603247835755],[-122.184025436638,47.6031097704733],[-122.184173755028,47.6030449460909],[-122.184354213338,47.6029687717105],[-122.184486747205,47.6029205847178],[-122.184887405733,47.6027376015363],[-122.185532648266,47.6024502597309],[-122.185827742984,47.5925895710037],[-122.185841653503,47.5906289370767],[-122.185471513083,47.5873019112378],[-122.185297025224,47.5858891584853],[-122.185167462648,47.5843332903526],[-122.18518883049,47.5835954613649],[-122.185271450057,47.5805345028618],[-122.185257979385,47.5795475748481],[-122.185295654827,47.5778772999686],[-122.186498824019,47.5775531537402],[-122.187634481379,47.5774381830508],[-122.189068524634,47.5771112603488],[-122.190428370462,47.5768921374104],[-122.195862255254,47.5747536838204],[-122.200701474545,47.57896050583],[-122.204562827863,47.5810829780652],[-122.215471740264,47.5891530466531],[-122.219210638169,47.5946363086335],[-122.220449163497,47.5968264309324],[-122.22834916716,47.6045264297469],[-122.224096014,47.6074912055426],[-122.222504425041,47.6087746800858],[-122.220111090225,47.6140574225428],[-122.212259658964,47.6109612243987],[-122.209795127448,47.6098711857024],[-122.208452269116,47.6091208532665],[-122.208228107821,47.6092304968763],[-122.208002497258,47.6092853193475],[-122.207804319446,47.6093041646294],[-122.207748585805,47.6093432248833],[-122.207253789698,47.6094917800711],[-122.207048877922,47.6095628028409],[-122.206937265467,47.6096354399792],[-122.206870890944,47.6097322086591],[-122.206850908623,47.6102040612559],[-122.206864513079,47.6105658310597],[-122.2068729788,47.6108865344737],[-122.206911771551,47.6112809036516],[-122.20696640846,47.6127362068857],[-122.206983627296,47.6138492212259],[-122.207010835823,47.6150334059803],[-122.207115720285,47.6172087942509],[-122.207111224662,47.6174533173195],[-122.204401948358,47.6174393741398],[-122.201725465063,47.6174386842698],[-122.199024730272,47.6174409642974],[-122.196356140345,47.6174318278259],[-122.193666778968,47.6174036841169],[-122.191005799569,47.6173751380611],[-122.188774899875,47.6173551172135],[-122.186592435432,47.6173262520258],[-122.185667702936,47.6173207922356],[-122.183339796552,47.6173127857803],[-122.180351661183,47.617334483613],[-122.178392951505,47.6173329727988],[-122.176763038907,47.6173439995447],[-122.174991094278,47.6173511934446],[-122.172825065707,47.6173300953201],[-122.171563289189,47.617306552528],[-122.16957165619,47.6172860836077],[-122.167235505533,47.6172723614623],[-122.164371147406,47.6172181570654],[-122.161722634015,47.6171997480706],[-122.159212293162,47.6171959894071],[-122.159150822803,47.617195896771],[-122.159131141211,47.6171958673165],[-122.159061017055,47.6153937135565],[-122.158937654756,47.6153266032227],[-122.158949893558,47.6116687710149],[-122.158906600437,47.609969302285]]]},"properties":{"BSD_Name":"Enatai Elementary","OSPI_Name":"Enatai Elementary School","School_Grades_Serviced":"K-5"}},{"type":"Feature","geometry":{"type":"Polygon","coordinates":[[[-122.105662267877,47.631220171706],[-122.105662862765,47.6311411298826],[-122.105708035212,47.6251358818281],[-122.107776914685,47.6251538641603],[-122.107772341186,47.6241394256029],[-122.107798448497,47.6235496320867],[-122.107820518558,47.623291650164],[-122.107873789525,47.6231484765953],[-122.108062855803,47.6227542718342],[-122.108231689651,47.6225275483886],[-122.108536984845,47.6220772041596],[-122.108776103832,47.6217400173931],[-122.109050164979,47.6213393752247],[-122.109242442044,47.6210767428433],[-122.109375382316,47.6208750959385],[-122.109504400012,47.6206789775704],[-122.109610100219,47.6205242472372],[-122.109679177144,47.620364444211],[-122.109709257555,47.6202681413251],[-122.109751991076,47.6200263780044],[-122.109771676687,47.6198369681878],[-122.109741970741,47.6196179525773],[-122.109665988815,47.6193309085515],[-122.109626137512,47.6191942621345],[-122.109580822368,47.6190000974358],[-122.109407474202,47.6187114039689],[-122.109619011115,47.6189037042045],[-122.109722920174,47.6190067297944],[-122.110048764508,47.6193951625798],[-122.110908901937,47.6204027427796],[-122.11100936957,47.620530482773],[-122.110962417912,47.6168020701778],[-122.111607475071,47.6168140194905],[-122.113570824282,47.616841303721],[-122.114657901994,47.6168537474437],[-122.115765590405,47.6168796557292],[-122.116444264875,47.6168876413767],[-122.117907319749,47.6169048556012],[-122.119018997147,47.6169279467284],[-122.120045336666,47.6169437659211],[-122.121055324858,47.6169542765557],[-122.121622394858,47.6169662172267],[-122.121674180165,47.6169673071175],[-122.121732886605,47.6169685436109],[-122.121732875181,47.6174593389465],[-122.122463145156,47.6174730048571],[-122.122459780906,47.6186465647573],[-122.12387102731,47.6186470221091],[-122.124990510562,47.6186562571951],[-122.125320052243,47.6186991281947],[-122.12557662013,47.6187428273232],[-122.125586908098,47.6188304502282],[-122.125830497498,47.6188413939057],[-122.125833074967,47.6195981219004],[-122.125822707091,47.6226088198753],[-122.125821674379,47.6232202700863],[-122.125359123626,47.6232118122918],[-122.124913197392,47.6232196149919],[-122.124908703452,47.6241820648908],[-122.122856142959,47.6241669511094],[-122.122856799924,47.6240298498063],[-122.121709158107,47.6240346202632],[-122.121711774533,47.6244678069774],[-122.12415682128,47.6252626669333],[-122.125056262559,47.6255513276677],[-122.126556658841,47.6260305699722],[-122.127631774365,47.6263693107726],[-122.130020028704,47.6271564671462],[-122.131213671044,47.6275294674859],[-122.131753284835,47.6276987945333],[-122.132410014738,47.6278475884424],[-122.133137543156,47.6279078301616],[-122.134975003997,47.6279115105083],[-122.136970330511,47.6279023862848],[-122.137383718048,47.6278894247651],[-122.138203068892,47.6278910033966],[-122.140900156586,47.62788472999],[-122.143122481085,47.6278701478212],[-122.143098617266,47.6290165317045],[-122.143070243878,47.6313335643388],[-122.143068092245,47.6315092565309],[-122.13939813938,47.6315486788288],[-122.137723648938,47.6315788458189],[-122.13408984094,47.6316039747149],[-122.132382834558,47.6316316923149],[-122.128429443355,47.6315286754027],[-122.127057649451,47.6314976621076],[-122.125645511315,47.6314753149213],[-122.124371110683,47.6314459057481],[-122.122260201831,47.6313793441379],[-122.121692009772,47.6313665826377],[-122.121213097357,47.6313555508108],[-122.120945458931,47.6313585777103],[-122.119424447147,47.6313620623257],[-122.118109569892,47.6313357814478],[-122.114182451741,47.6313087470822],[-122.112587707421,47.6312828098355],[-122.112422815649,47.6312836197997],[-122.110926951422,47.6312909665508],[-122.110926939832,47.6312524452423],[-122.105662267877,47.631220171706]]]},"properties":{"BSD_Name":"Sherwood Forest Elementary","OSPI_Name":"Sherwood Forest Elementary","School_Grades_Serviced":"K-5"}},{"type":"Feature","geometry":{"type":"Polygon","coordinates":[[[-122.146862006451,47.5453070395142],[-122.146898224484,47.5453074288363],[-122.147020107363,47.5453086749603],[-122.147109502588,47.5453095635479],[-122.14750747845,47.5453136280965],[-122.147846071107,47.5453170605737],[-122.147868712484,47.5453172917279],[-122.148197340092,47.5453206185565],[-122.151365942038,47.5453527924329],[-122.151924242215,47.5453584621984],[-122.152417081428,47.5453634378332],[-122.152807807863,47.5453673999932],[-122.152913001821,47.5453684548535],[-122.153424593586,47.5453736468065],[-122.153574752939,47.5453751647519],[-122.153764364052,47.5453771020632],[-122.154184615324,47.545381320476],[-122.154501173957,47.5453845239284],[-122.154784152803,47.5453873750453],[-122.155078955849,47.5453903380981],[-122.155384739986,47.5453934691245],[-122.155675493767,47.5453963947168],[-122.156002097289,47.5453996950676],[-122.15631047274,47.5454027958042],[-122.156636951565,47.5454060961494],[-122.156982108852,47.5454095904437],[-122.158954321905,47.5454294843381],[-122.158979396921,47.5454297398178],[-122.159378024009,47.5454337563462],[-122.160748669995,47.5454475530656],[-122.1610615493,47.5454507029404],[-122.161508985511,47.5454552017996],[-122.163773325723,47.5454779452591],[-122.164273881523,47.5454829683108],[-122.164334289069,47.5454835760181],[-122.165267287995,47.5455082356096],[-122.165495394867,47.5455143073856],[-122.164748588853,47.5447134298561],[-122.16473327666,47.5446973203797],[-122.164718241377,47.544681100831],[-122.164703449018,47.5446647429056],[-122.164688972562,47.5446482949152],[-122.164674783743,47.5446317366995],[-122.164660831823,47.5446150644595],[-122.164647200544,47.5445982787807],[-122.164633852712,47.5445813784126],[-122.16462074552,47.5445643963218],[-122.164607954892,47.5445472999596],[-122.164595488434,47.544530118899],[-122.164583263704,47.5445128489028],[-122.164571358459,47.5444954673356],[-122.164559738695,47.5444780006635],[-122.164548434441,47.5444604215863],[-122.164537416528,47.5444427817266],[-122.164526675018,47.5444250578514],[-122.16451625901,47.5444072465859],[-122.164506124722,47.5443893530114],[-122.164496311411,47.5443713990509],[-122.164486779681,47.5443533583278],[-122.164477568244,47.5443352320714],[-122.164468680424,47.5443170489558],[-122.164460077759,47.5442988060349],[-122.16445179131,47.544280476748],[-122.164443828106,47.544262117684],[-122.164436150555,47.5442436726222],[-122.16442879535,47.5442251689376],[-122.164421757075,47.5442066050625],[-122.16441504743,47.5441880120875],[-122.164408616846,47.5441693360197],[-122.164402555784,47.5441506240985],[-122.164396771505,47.5441318794316],[-122.164391309579,47.5441130797065],[-122.164386170914,47.5440942475997],[-122.164381354545,47.5440753585848],[-122.164376820279,47.5440564386676],[-122.164372649878,47.544037512591],[-122.16436880708,47.5440185278168],[-122.164365242391,47.5439995139112],[-122.164362045544,47.5439804948176],[-122.164359125903,47.5439614176782],[-122.164356575549,47.5439423362213],[-122.164355731661,47.5439351264481],[-122.16436030401,47.543601637555],[-122.164360474286,47.543589284714],[-122.164368570923,47.5430033965294],[-122.16437182908,47.5429843579861],[-122.16437567183,47.5429638303774],[-122.164379808484,47.5429433552579],[-122.164384309887,47.542922902825],[-122.164389091935,47.5429025030021],[-122.164394237751,47.5428820944162],[-122.164399675745,47.5428617706986],[-122.16440543193,47.5428414667683],[-122.164411514465,47.5428211878553],[-122.164417922199,47.5428009879234],[-122.164424614988,47.5427808100343],[-122.164431633577,47.5427606850008],[-122.164438972522,47.5427406102957],[-122.164446642185,47.5427206163435],[-122.164454596743,47.5427006425854],[-122.164461920915,47.5426830338396],[-122.165570195537,47.5400390170971],[-122.165946050921,47.5391422709807],[-122.165978669781,47.5390567928166],[-122.166005441775,47.5389693067273],[-122.166026245241,47.5388802147803],[-122.166040985264,47.5387899196194],[-122.166049595042,47.5386988358926],[-122.166052038465,47.5386073789048],[-122.166048295236,47.5385159645565],[-122.166038387923,47.5384250134807],[-122.166022366438,47.5383349370071],[-122.166000298437,47.5382461506664],[-122.165991078123,47.5382115010066],[-122.165964045823,47.5381264623346],[-122.165932223684,47.5380430996321],[-122.16589570777,47.5379616815337],[-122.165854624809,47.5378824733562],[-122.165809096768,47.5378057306131],[-122.165759278952,47.5377317003205],[-122.165999967881,47.5377525597606],[-122.166366447473,47.5377843183524],[-122.166513748192,47.5377997759117],[-122.166660241649,47.5378216310208],[-122.166805640962,47.5378498364463],[-122.166949674917,47.5378843475425],[-122.167092070414,47.5379250917924],[-122.167232559508,47.5379719964697],[-122.167370873684,47.5380249674697],[-122.167506750865,47.5380839095004],[-122.16750929118,47.5380851127591],[-122.167516746505,47.5380886475833],[-122.167599551243,47.5381292467095],[-122.167680736708,47.538172991486],[-122.167760183837,47.5382198161007],[-122.167826550667,47.538260284343],[-122.167740781599,47.538259624348],[-122.168089466449,47.5384674328847],[-122.168103560783,47.5384758346015],[-122.168117912823,47.538484579001],[-122.168149923131,47.5385043558168],[-122.16818173687,47.5385243009156],[-122.168213307886,47.5385443852771],[-122.168244635606,47.5385646359865],[-122.168275772037,47.5385850522304],[-122.168306707781,47.5386056377766],[-122.168337362271,47.5386263605334],[-122.168367820618,47.5386472263423],[-122.168398039875,47.5386682602219],[-122.168428022402,47.5386894567233],[-122.168457760974,47.5387107952485],[-122.16848730338,47.5387322760042],[-122.168516566686,47.5387539208803],[-122.168531592825,47.5387651852171],[-122.168545586642,47.5387756817236],[-122.168574373266,47.5387976329716],[-122.168602957691,47.538819698638],[-122.168631262103,47.5388419023901],[-122.168659328848,47.5388642776902],[-122.168687116182,47.5388867650194],[-122.168714706763,47.5389094179637],[-122.168742014811,47.5389322125953],[-122.168769081865,47.5389551176779],[-122.168795870406,47.5389781634992],[-122.168822421087,47.5390013747029],[-122.168848727441,47.5390246739218],[-122.168874756078,47.5390481426591],[-122.168900549057,47.5390717208805],[-122.168926059519,47.5390954381168],[-122.168951325922,47.5391192973128],[-122.168976318388,47.539143272026],[-122.169001029966,47.5391673569407],[-122.169025498836,47.5391915784496],[-122.169049689341,47.5392159487856],[-122.16907360205,47.5392403986381],[-122.169097265381,47.5392649887453],[-122.169120659996,47.5392896898402],[-122.169370846052,47.5395562564681],[-122.169578369569,47.539777372729],[-122.169786408197,47.539999014681],[-122.16978993688,47.5401547415134],[-122.169807111448,47.5409130066857],[-122.169818796249,47.5413777504812],[-122.169966720463,47.5456334675089],[-122.175040135759,47.5457559519071],[-122.175041906815,47.545755994781],[-122.175041662114,47.5457664064808],[-122.174959190529,47.5492919399686],[-122.179769050072,47.5493543906002],[-122.181612923834,47.5493782796991],[-122.181614517782,47.5492960347468],[-122.181664530954,47.5467170574939],[-122.18543329497,47.5467324397346],[-122.185556298261,47.5467329385551],[-122.185541230029,47.5476040935989],[-122.185661125741,47.5476048288981],[-122.186754306311,47.5476115395711],[-122.186724045953,47.5493581854873],[-122.186722815971,47.5494292417346],[-122.196218603027,47.5494409927351],[-122.2016176531,47.5494549907732],[-122.20349742558,47.5494598052067],[-122.202776341503,47.553103833265],[-122.199983665363,47.5603191620004],[-122.195862255254,47.5747536838204],[-122.190428370462,47.5768921374104],[-122.189068524634,47.5771112603488],[-122.187634481379,47.5774381830508],[-122.186498824019,47.5775531537402],[-122.185295654827,47.5778772999686],[-122.185257979385,47.5795475748481],[-122.184769855455,47.5795984659064],[-122.182497728645,47.5798353525599],[-122.180343053545,47.5800363762023],[-122.179153808116,47.5801190037407],[-122.178098811446,47.5802219668271],[-122.177209057692,47.5802900646455],[-122.176327403148,47.5803580588964],[-122.175583271479,47.5804161992183],[-122.175023937409,47.5804118309458],[-122.174505394368,47.5804179476467],[-122.174460999922,47.5802676666695],[-122.174418963019,47.5800515510291],[-122.174360606568,47.5796738562996],[-122.174321491214,47.5794138365761],[-122.17427736562,47.5789591995505],[-122.174288583752,47.5786081039484],[-122.174288425652,47.5782873018138],[-122.174331558295,47.5779166362904],[-122.174424385639,47.577430223412],[-122.174517775921,47.5769657399936],[-122.174466237152,47.5749647549121],[-122.172517998019,47.5749931996881],[-122.172523024625,47.5744008891541],[-122.172489609289,47.5731016185265],[-122.172485368553,47.5723065151318],[-122.172667710442,47.5723071096578],[-122.172660872922,47.5720412251975],[-122.173329691638,47.5720525387877],[-122.173341792617,47.5715780460439],[-122.17218615303,47.5715423050547],[-122.172190797203,47.5710925775727],[-122.174525441782,47.5711281276841],[-122.174529641985,47.5706619538778],[-122.17454574452,47.5695567745172],[-122.174552486058,47.5691892793957],[-122.17456725574,47.5675604117465],[-122.169618156888,47.567624169906],[-122.169375150599,47.5676270253356],[-122.169377281077,47.5673473842556],[-122.169384428266,47.5664095112934],[-122.169374005204,47.5647398138701],[-122.169359083042,47.5636843549864],[-122.170452953573,47.5636879470069],[-122.169609081784,47.5626915891323],[-122.169312311568,47.5621768576338],[-122.169252001991,47.561878698491],[-122.169241033418,47.5614510896327],[-122.169235268802,47.5612263216122],[-122.169226650188,47.5610481987219],[-122.169227578463,47.560768513679],[-122.169233189199,47.5605134504441],[-122.169227494522,47.560291423167],[-122.169200496443,47.5600285176829],[-122.169121067768,47.5597744539905],[-122.169069099344,47.5596434528504],[-122.168992201524,47.5594880678283],[-122.168870479828,47.5593222419973],[-122.16878241964,47.5592053745759],[-122.168670272659,47.5590970157703],[-122.168521680736,47.558989084263],[-122.168356402137,47.5588621568568],[-122.168093374637,47.5587144407243],[-122.167675627249,47.5585356372474],[-122.167286089982,47.5583510168163],[-122.166924760124,47.5581605824222],[-122.166633183408,47.5580049719501],[-122.166460234421,47.5578945823383],[-122.166104904734,47.5576218167543],[-122.166006756981,47.5577436105665],[-122.165679285795,47.5574513239205],[-122.165409770371,47.5572077115869],[-122.16515673427,47.5569748720937],[-122.164995097643,47.5568314455156],[-122.164850290357,47.5567124976045],[-122.164276151777,47.5561187447955],[-122.163499336971,47.5552010752979],[-122.163106549462,47.5548876106547],[-122.162929709239,47.5547827444371],[-122.162453015501,47.5545141299267],[-122.162038253283,47.5542914007237],[-122.161183954281,47.5538270349089],[-122.160538336354,47.5534452257784],[-122.160075140928,47.5530695089705],[-122.159630733167,47.552635991214],[-122.159388985865,47.5523673634551],[-122.158038024383,47.5508449118396],[-122.156986447667,47.5496260514028],[-122.156436630517,47.5490264935046],[-122.156003457596,47.548554445127],[-122.155730403827,47.5483273034112],[-122.155442129328,47.5481387246066],[-122.155326960035,47.5480687747549],[-122.154962321643,47.5479030182083],[-122.154634958035,47.547769729359],[-122.15420700689,47.5476622853648],[-122.153820099218,47.5475762994376],[-122.153202285599,47.5474875093501],[-122.152319373992,47.5473250195787],[-122.152050989178,47.5472815220912],[-122.150985415898,47.5471019489457],[-122.150273595697,47.5469785881332],[-122.149590464392,47.5468686000635],[-122.148764668652,47.5467218727741],[-122.148336045769,47.5465869969859],[-122.148065178945,47.546444810427],[-122.147826010294,47.5462748376641],[-122.147614904955,47.5460935717827],[-122.147339210078,47.5458009014007],[-122.147301981221,47.5457613805975],[-122.147032359754,47.545475155458],[-122.146905332015,47.5453497982109],[-122.146862006451,47.5453070395142]]]},"properties":{"BSD_Name":"Newport Heights Elementary","OSPI_Name":"Newport Heights Elementary","School_Grades_Serviced":"K-5"}},{"type":"Feature","geometry":{"type":"Polygon","coordinates":[[[-122.138060814221,47.5452626981833],[-122.138312078945,47.5452628597452],[-122.138371407085,47.5452629185752],[-122.138590449905,47.5452630632079],[-122.138904216508,47.5452632708462],[-122.138952286347,47.5452632934557],[-122.139230131768,47.5452634721439],[-122.139531019275,47.5452636902361],[-122.139627686094,47.5452637310623],[-122.139729860036,47.5452638166397],[-122.139835029144,47.5452638716135],[-122.14011510141,47.5452640501548],[-122.140140615823,47.5452640849013],[-122.14044547114,47.5452642807485],[-122.140498235033,47.5452643076262],[-122.140753406032,47.5452644674461],[-122.140785561069,47.5452645110569],[-122.141061539038,47.5452645704748],[-122.141360205784,47.5452648079333],[-122.141666151926,47.5452650418354],[-122.141946068169,47.5452652415487],[-122.141962263003,47.5452652525571],[-122.142265661884,47.5452654335313],[-122.142436031918,47.5452655537364],[-122.14257116621,47.5452656416732],[-122.142657821143,47.5452656952489],[-122.142815160868,47.5452657926058],[-122.142862669942,47.5452662874989],[-122.143004000008,47.5452677295178],[-122.143166837712,47.5452693896763],[-122.143477961283,47.5452725485883],[-122.143504896028,47.545272843261],[-122.143780907373,47.5452756628365],[-122.143829837474,47.5452761409146],[-122.144084662726,47.5452787406087],[-122.144157331591,47.5452794888229],[-122.144385660114,47.5452818205373],[-122.144481459261,47.5452828015622],[-122.14469136431,47.5452849294694],[-122.144802390158,47.5452860658653],[-122.145014482949,47.5452882198776],[-122.145118988636,47.5452892906007],[-122.145339057675,47.5452915490756],[-122.145422501947,47.5452923934624],[-122.145642610078,47.5452946246952],[-122.145739220095,47.5452956174962],[-122.145944907341,47.545297712805],[-122.146048888966,47.5452987604187],[-122.146375326675,47.5453020909764],[-122.146620592861,47.5453046034912],[-122.146725668376,47.5453056656095],[-122.14686010859,47.5453070195978],[-122.146862006451,47.5453070395142],[-122.146905332015,47.5453497982109],[-122.147032359754,47.545475155458],[-122.147301981221,47.5457613805975],[-122.147339210078,47.5458009014007],[-122.147614904955,47.5460935717827],[-122.147826010294,47.5462748376641],[-122.148065178945,47.546444810427],[-122.148336045769,47.5465869969859],[-122.148764668652,47.5467218727741],[-122.149590464392,47.5468686000635],[-122.150273595697,47.5469785881332],[-122.150985415898,47.5471019489457],[-122.152050989178,47.5472815220912],[-122.152319373992,47.5473250195787],[-122.153202285599,47.5474875093501],[-122.153820099218,47.5475762994376],[-122.15420700689,47.5476622853648],[-122.154634958035,47.547769729359],[-122.154962321643,47.5479030182083],[-122.155326960035,47.5480687747549],[-122.155442129328,47.5481387246066],[-122.155730403827,47.5483273034112],[-122.156003457596,47.548554445127],[-122.156436630517,47.5490264935046],[-122.156986447667,47.5496260514028],[-122.158038024383,47.5508449118396],[-122.159388985865,47.5523673634551],[-122.159630733167,47.552635991214],[-122.160075140928,47.5530695089705],[-122.160538336354,47.5534452257784],[-122.161183954281,47.5538270349089],[-122.162038253283,47.5542914007237],[-122.162453015501,47.5545141299267],[-122.162929709239,47.5547827444371],[-122.163106549462,47.5548876106547],[-122.163499336971,47.5552010752979],[-122.164276151777,47.5561187447955],[-122.164850290357,47.5567124976045],[-122.164995097643,47.5568314455156],[-122.16515673427,47.5569748720937],[-122.165409770371,47.5572077115869],[-122.165679285795,47.5574513239205],[-122.166006756981,47.5577436105665],[-122.166104904734,47.5576218167543],[-122.166460234421,47.5578945823383],[-122.166633183408,47.5580049719501],[-122.166924760124,47.5581605824222],[-122.167286089982,47.5583510168163],[-122.167675627249,47.5585356372474],[-122.168093374637,47.5587144407243],[-122.168356402137,47.5588621568568],[-122.168521680736,47.558989084263],[-122.168670272659,47.5590970157703],[-122.16878241964,47.5592053745759],[-122.168870479828,47.5593222419973],[-122.168992201524,47.5594880678283],[-122.169069099344,47.5596434528504],[-122.169121067768,47.5597744539905],[-122.169200496443,47.5600285176829],[-122.169227494522,47.560291423167],[-122.169233189199,47.5605134504441],[-122.169227578463,47.560768513679],[-122.169226650188,47.5610481987219],[-122.169235268802,47.5612263216122],[-122.169241033418,47.5614510896327],[-122.169252001991,47.561878698491],[-122.169312311568,47.5621768576338],[-122.169609081784,47.5626915891323],[-122.170452953573,47.5636879470069],[-122.169359083042,47.5636843549864],[-122.169374005204,47.5647398138701],[-122.169384428266,47.5664095112934],[-122.169377281077,47.5673473842556],[-122.169375150599,47.5676270253356],[-122.169618156888,47.567624169906],[-122.169602163888,47.5676708979562],[-122.169531475028,47.5678774441928],[-122.169492156415,47.5682398380565],[-122.168967531994,47.5683200331087],[-122.16878185674,47.5683468916502],[-122.168043274589,47.568457014681],[-122.16733755844,47.5684269097973],[-122.167256551835,47.5689022096699],[-122.165447261773,47.5686519736883],[-122.1651860627,47.5690526098237],[-122.165758687511,47.5691062218631],[-122.165106287735,47.5702106264305],[-122.164962804541,47.5704618197825],[-122.166422331059,47.5704995560254],[-122.166386388288,47.5706782002612],[-122.166342885897,47.5707198390968],[-122.166283254052,47.5707644082139],[-122.166227740588,47.5708116719629],[-122.166188219697,47.5708505218503],[-122.166140527679,47.5708867259502],[-122.166092974916,47.5709284118304],[-122.165905974931,47.5710622146437],[-122.165834680578,47.5711261137503],[-122.16573650609,47.5712479074625],[-122.165689794418,47.5713224865561],[-122.165640856552,47.5714683810957],[-122.165634228369,47.5715260384198],[-122.165628582454,47.571622070835],[-122.165638506853,47.5716932442318],[-122.165652340834,47.5717588878283],[-122.165678255799,47.5718216474258],[-122.165695580672,47.5718653159021],[-122.165716954388,47.5719089354836],[-122.165775764704,47.571990503608],[-122.165838416629,47.5720638009766],[-122.165889266116,47.5721509458559],[-122.165915322099,47.5722191881281],[-122.165942080912,47.5723148409325],[-122.165946727535,47.5726547821709],[-122.165933912323,47.5729455739942],[-122.165937489086,47.5730853690832],[-122.16594197885,47.5732607982558],[-122.165836384074,47.573251068451],[-122.165844326952,47.5737198410196],[-122.165844379442,47.5741969311736],[-122.165228052021,47.5741794744979],[-122.164514510267,47.5741631530036],[-122.164522373478,47.5746291836505],[-122.164517142063,47.5755340728381],[-122.164873677312,47.5755326405908],[-122.164860938345,47.57598520365],[-122.165594900258,47.5760067683663],[-122.165586568459,47.5764729887087],[-122.165468884138,47.576466141692],[-122.164621677167,47.5761360675638],[-122.164621424054,47.5764431629027],[-122.164500251013,47.576458291683],[-122.164495707656,47.5772315609231],[-122.164503541541,47.5773795321658],[-122.161792801294,47.577383811782],[-122.161770760221,47.5782669613665],[-122.16145457581,47.5782624292956],[-122.161820447443,47.5791026604203],[-122.161823412957,47.5800129363311],[-122.160748964792,47.5799898381694],[-122.159671027371,47.5798296754043],[-122.158985557958,47.5798047647004],[-122.157646679965,47.5797408487465],[-122.155712229357,47.579681102792],[-122.155742088166,47.5792612451688],[-122.155744338053,47.5782330072999],[-122.154342012314,47.5782218871341],[-122.15433820352,47.5779120970453],[-122.154287437681,47.5778276881802],[-122.154319288862,47.5771665210971],[-122.15431436932,47.5768128738715],[-122.154302825793,47.576357853286],[-122.154258840573,47.5762212695992],[-122.154183910204,47.5761426244651],[-122.153964558764,47.5759614661219],[-122.153593177634,47.5756970723324],[-122.153010627532,47.5752541637781],[-122.15292692568,47.5749891713157],[-122.152824313136,47.5746174643011],[-122.153014347087,47.5746015499353],[-122.153715184324,47.5745961556799],[-122.153696513564,47.5730609115317],[-122.153826201707,47.5730621468437],[-122.153815376675,47.5724755077373],[-122.153770752543,47.572473283056],[-122.153753653391,47.5717989755462],[-122.153042899632,47.5715714244272],[-122.15186695753,47.5710531390681],[-122.151084869031,47.5707276943663],[-122.150332736421,47.5704649608901],[-122.150046994026,47.5703805302076],[-122.149585355552,47.5702295875857],[-122.148826661176,47.5700272416734],[-122.148284714295,47.5699046412252],[-122.148283350468,47.5672834082221],[-122.146683348298,47.5672936763837],[-122.144301259879,47.5672964910836],[-122.143004809094,47.5672949801569],[-122.14294874966,47.565549043017],[-122.142825734708,47.5654901384813],[-122.142807243699,47.5652380975822],[-122.142929812182,47.56495701331],[-122.142903171614,47.5642197525284],[-122.142877635665,47.5635263478528],[-122.142874102429,47.563224780628],[-122.14283616166,47.5620379797616],[-122.142899923799,47.5619961179021],[-122.142823238195,47.5618461976086],[-122.142754736152,47.5597658923639],[-122.148130603118,47.559788842798],[-122.148134414794,47.559297999184],[-122.148157261472,47.5525005851795],[-122.142782491509,47.5524913411281],[-122.142776601192,47.5519348063545],[-122.139821022782,47.5519743006296],[-122.139845399716,47.5523003051684],[-122.138476715754,47.5523105453328],[-122.138499995462,47.5493600082395],[-122.138484941759,47.5479508513241],[-122.138039388048,47.5479477413735],[-122.138045740157,47.5471868457322],[-122.138046664816,47.5470763119604],[-122.138061334944,47.5453191310675],[-122.138061664497,47.5452796306061],[-122.138060814221,47.5452626981833]]]},"properties":{"BSD_Name":"Somerset Elementary","OSPI_Name":"Somerset Elementary School","School_Grades_Serviced":"K-5"}},{"type":"Feature","geometry":{"type":"Polygon","coordinates":[[[-122.143141473949,47.6152545930511],[-122.14312518676,47.6146076128707],[-122.143107964989,47.6140267478329],[-122.143104547772,47.6139114778128],[-122.14307147132,47.6127958441665],[-122.143039217007,47.611192210973],[-122.143017189686,47.6108003753168],[-122.142997856724,47.609871098212],[-122.140207993006,47.6098593039844],[-122.139697122551,47.6098596854119],[-122.138216863944,47.6098465095345],[-122.137061153888,47.6098405633537],[-122.135617719906,47.6098406410881],[-122.132304418273,47.60981270677],[-122.132309991473,47.6090613678338],[-122.132250740904,47.6073374010981],[-122.132184978318,47.6061646270908],[-122.132171005164,47.6057672138922],[-122.132121426778,47.6055676226611],[-122.13204017789,47.6053985528757],[-122.131762688008,47.6050014061711],[-122.130997985192,47.6037625741923],[-122.130759606012,47.603307399599],[-122.1318988211,47.6033081120306],[-122.133645565953,47.6032854206017],[-122.134696240809,47.6031500236267],[-122.135470970648,47.6030040652086],[-122.136143689459,47.6028318501813],[-122.136851642,47.6026098745869],[-122.137353099209,47.6023984872759],[-122.136096412908,47.600943234025],[-122.135966000609,47.5999439406959],[-122.134246778861,47.5999279681109],[-122.131781459145,47.599904035229],[-122.131783496185,47.5994982144625],[-122.13184127157,47.5962895537187],[-122.134545444503,47.596308009139],[-122.135202272506,47.596314203899],[-122.135895435479,47.5963144941518],[-122.137232995342,47.5963101392733],[-122.138433392863,47.5963320187432],[-122.139106224975,47.5963297816062],[-122.139937307688,47.5963339487531],[-122.142033488562,47.5963537236745],[-122.142621359387,47.5963579269112],[-122.142622775129,47.5960919476039],[-122.142726244789,47.5908592344773],[-122.144927833498,47.5908887081341],[-122.145981548793,47.5908847787889],[-122.146683227724,47.5909040981984],[-122.145453074105,47.5890538103059],[-122.145176471697,47.5886637907107],[-122.144465551814,47.587661350176],[-122.144060714668,47.5870353817212],[-122.143388979215,47.5859491079438],[-122.143304292179,47.585804763151],[-122.143087526742,47.5854042011823],[-122.142816646078,47.5849466839822],[-122.142815457272,47.5847383134904],[-122.142803885405,47.5823447787305],[-122.142155042451,47.5813596838723],[-122.140309084226,47.5791764362897],[-122.145195627504,47.5793203301782],[-122.147842622688,47.5793555697088],[-122.15109963738,47.5794769062029],[-122.153648010061,47.5796173449109],[-122.153755774891,47.5796206735752],[-122.155554221852,47.5796762227438],[-122.155621025375,47.5796782855253],[-122.155688132198,47.5796803575325],[-122.155712229357,47.579681102792],[-122.155756319729,47.579682464531],[-122.157646679965,47.5797408487465],[-122.158985557958,47.5798047647004],[-122.159671027371,47.5798296754043],[-122.160748964792,47.5799898381694],[-122.161823412957,47.5800129363311],[-122.161823824177,47.5800877437178],[-122.163957307891,47.5802649209642],[-122.163955198205,47.5819265376278],[-122.16403077649,47.5837736954193],[-122.158954395637,47.5836739461823],[-122.159018411818,47.5855514004052],[-122.157226801167,47.5855393661089],[-122.156350347548,47.5854974680309],[-122.156014223287,47.5853478320751],[-122.15577266514,47.5854109620135],[-122.155511266223,47.5854907739871],[-122.155642363044,47.5857058602025],[-122.155682586116,47.5858534548371],[-122.155696119897,47.5860671656561],[-122.155673120508,47.5862785591587],[-122.155624626504,47.5864436364148],[-122.154738199977,47.5868076424947],[-122.153623307925,47.5867931704183],[-122.153629038214,47.587338740901],[-122.153614214578,47.5891513062317],[-122.154202846627,47.5891564575139],[-122.155482933257,47.5891625024389],[-122.156524246236,47.5891503928182],[-122.157590498601,47.5891626616747],[-122.158373124891,47.5891782245559],[-122.158325625811,47.5911337507642],[-122.158435098584,47.5911352177771],[-122.158466230439,47.5920396806669],[-122.158920824427,47.5920645445163],[-122.158905028391,47.5923992408225],[-122.158905649586,47.5927419703866],[-122.15889767699,47.5930656075521],[-122.158889075051,47.5935236046068],[-122.158863839949,47.5941243741712],[-122.158875845947,47.5945958409405],[-122.158745997502,47.6006079189078],[-122.158741192774,47.6008303808046],[-122.158728884854,47.6014001994456],[-122.158738866071,47.6016896045168],[-122.158740493999,47.601736824188],[-122.158745577558,47.601737259252],[-122.158748859038,47.6018660900712],[-122.158712850941,47.6026808524716],[-122.158806275807,47.6026879901063],[-122.15885519523,47.6055636702109],[-122.158887995126,47.6074880990456],[-122.158925980232,47.608979248731],[-122.158930587576,47.6095045080893],[-122.158906600437,47.609969302285],[-122.158781013983,47.6099735039049],[-122.153553918197,47.6099465298038],[-122.153566794369,47.6109334614691],[-122.153572616251,47.6113227428048],[-122.153575219919,47.6117449644236],[-122.153588881844,47.6126030182804],[-122.153589170242,47.6130938144678],[-122.153600853929,47.6135543168769],[-122.153608277402,47.6140066432654],[-122.153044668234,47.6140076971891],[-122.152200932855,47.6139955427565],[-122.150984185007,47.6139849613711],[-122.150957724474,47.6126198054019],[-122.148329371723,47.6125871452044],[-122.148347410382,47.6144240030507],[-122.147706221194,47.6144039914512],[-122.147720618239,47.6152949394365],[-122.143141473949,47.6152545930511]]]},"properties":{"BSD_Name":"Lake Hills Elementary","OSPI_Name":"Lake Hills Elementary","School_Grades_Serviced":"K-5"}},{"type":"Feature","geometry":{"type":"Polygon","coordinates":[[[-122.097380686137,47.5890347483626],[-122.109944223531,47.5890219264115],[-122.110434092325,47.5889999758477],[-122.111848181045,47.5889840901614],[-122.113409147253,47.5890076617655],[-122.115466261372,47.5890996512064],[-122.115284925018,47.5906234336437],[-122.11532110839,47.592092669359],[-122.115624261516,47.5945267755796],[-122.11542211712,47.595041783775],[-122.115494716029,47.5958498185193],[-122.115586566581,47.5962874818448],[-122.115521319339,47.596929815324],[-122.115502000744,47.5972974435965],[-122.115484033338,47.5975553830537],[-122.115495714541,47.5980295945252],[-122.115377905079,47.5998295896369],[-122.115254338124,47.6023836639374],[-122.114266921948,47.6024551054218],[-122.114271431721,47.6029677850326],[-122.114814645702,47.6036252005395],[-122.114124487848,47.6037508715964],[-122.114117051236,47.603942886842],[-122.115204198731,47.6039690299581],[-122.11521108532,47.6042486234536],[-122.115940899177,47.6042513659172],[-122.115990618152,47.6052817484668],[-122.115959817079,47.606005949714],[-122.116133043728,47.6095793971015],[-122.117612746965,47.6095709317715],[-122.117695584031,47.6117772030531],[-122.11718659288,47.6120187479108],[-122.117632576303,47.6125099947794],[-122.11884996978,47.6127128567581],[-122.118861627843,47.6133488394475],[-122.119153563385,47.6133482826506],[-122.119636498977,47.6133647592824],[-122.121518307879,47.6133791182504],[-122.12163174252,47.6151765033714],[-122.121729881233,47.6169153065481],[-122.121732886605,47.6169685436109],[-122.121674180165,47.6169673071175],[-122.121622394858,47.6169662172267],[-122.121055324858,47.6169542765557],[-122.120045336666,47.6169437659211],[-122.119018997147,47.6169279467284],[-122.117907319749,47.6169048556012],[-122.116444264875,47.6168876413767],[-122.115765590405,47.6168796557292],[-122.114657901994,47.6168537474437],[-122.113570824282,47.616841303721],[-122.111607475071,47.6168140194905],[-122.110962417912,47.6168020701778],[-122.11100936957,47.620530482773],[-122.110908901937,47.6204027427796],[-122.110048764508,47.6193951625798],[-122.109722920174,47.6190067297944],[-122.109619011115,47.6189037042045],[-122.109407474202,47.6187114039689],[-122.109580822368,47.6190000974358],[-122.109626137512,47.6191942621345],[-122.109665988815,47.6193309085515],[-122.109741970741,47.6196179525773],[-122.109771676687,47.6198369681878],[-122.109751991076,47.6200263780044],[-122.109709257555,47.6202681413251],[-122.109679177144,47.620364444211],[-122.109610100219,47.6205242472372],[-122.109504400012,47.6206789775704],[-122.109375382316,47.6208750959385],[-122.109242442044,47.6210767428433],[-122.109050164979,47.6213393752247],[-122.108776103832,47.6217400173931],[-122.108536984845,47.6220772041596],[-122.108231689651,47.6225275483886],[-122.108062855803,47.6227542718342],[-122.107873789525,47.6231484765953],[-122.107820518558,47.623291650164],[-122.107798448497,47.6235496320867],[-122.107772341186,47.6241394256029],[-122.107776914685,47.6251538641603],[-122.105708035212,47.6251358818281],[-122.105662862765,47.6311411298826],[-122.105662267877,47.631220171706],[-122.100367451536,47.6311874741806],[-122.089666859433,47.6311186311293],[-122.080526284639,47.6311182719338],[-122.078959884918,47.6311181307834],[-122.078994048683,47.6239392737019],[-122.078986786883,47.6236990022864],[-122.078769764496,47.6165289332889],[-122.082145360713,47.6166008114649],[-122.084297693348,47.6081251917005],[-122.090397679734,47.6028251836966],[-122.090796923175,47.6022676106937],[-122.090648142628,47.6022664460448],[-122.090141230756,47.6022588888721],[-122.090666355214,47.6022629458293],[-122.090702147488,47.6021924464509],[-122.097380686137,47.5890347483626]]]},"properties":{"BSD_Name":"Bennett Elementary","OSPI_Name":"Bennett Elementary School","School_Grades_Serviced":"K-5"}},{"type":"Feature","geometry":{"type":"Polygon","coordinates":[[[-122.143068092245,47.6315092565309],[-122.143070243878,47.6313335643388],[-122.143098617266,47.6290165317045],[-122.143122481085,47.6278701478212],[-122.140900156586,47.62788472999],[-122.138203068892,47.6278910033966],[-122.137383718048,47.6278894247651],[-122.136970330511,47.6279023862848],[-122.134975003997,47.6279115105083],[-122.133137543156,47.6279078301616],[-122.132410014738,47.6278475884424],[-122.131753284835,47.6276987945333],[-122.131213671044,47.6275294674859],[-122.130020028704,47.6271564671462],[-122.127631774365,47.6263693107726],[-122.126556658841,47.6260305699722],[-122.125056262559,47.6255513276677],[-122.12415682128,47.6252626669333],[-122.121711774533,47.6244678069774],[-122.121709158107,47.6240346202632],[-122.122856799924,47.6240298498063],[-122.122856142959,47.6241669511094],[-122.124908703452,47.6241820648908],[-122.124913197392,47.6232196149919],[-122.125359123626,47.6232118122918],[-122.125821674379,47.6232202700863],[-122.125822707091,47.6226088198753],[-122.125833074967,47.6195981219004],[-122.125830497498,47.6188413939057],[-122.125586908098,47.6188304502282],[-122.12557662013,47.6187428273232],[-122.125320052243,47.6186991281947],[-122.124990510562,47.6186562571951],[-122.12387102731,47.6186470221091],[-122.122459780906,47.6186465647573],[-122.122463145156,47.6174730048571],[-122.121732875181,47.6174593389465],[-122.121732886605,47.6169685436109],[-122.126129122961,47.6169872355061],[-122.127256747966,47.6169990973026],[-122.128157282765,47.6170107910245],[-122.12979158948,47.6170141188581],[-122.132472170948,47.6170191954076],[-122.133623711751,47.6170142704169],[-122.134207213054,47.6169966343311],[-122.13439438145,47.6170219138617],[-122.13516491508,47.6170240695417],[-122.136162472907,47.6170236213559],[-122.138421301186,47.6170279009058],[-122.143170453771,47.6170501133553],[-122.143171350686,47.6164414037893],[-122.14313741793,47.6152545575866],[-122.147720618239,47.6152949394365],[-122.147706221194,47.6144039914512],[-122.148347410382,47.6144240030507],[-122.148329371723,47.6125871452044],[-122.150957724474,47.6126198054019],[-122.150984185007,47.6139849613711],[-122.152200932855,47.6139955427565],[-122.153044668234,47.6140076971891],[-122.153608277402,47.6140066432654],[-122.153600853929,47.6135543168769],[-122.153589170242,47.6130938144678],[-122.153588881844,47.6126030182804],[-122.153575219919,47.6117449644236],[-122.153572616251,47.6113227428048],[-122.153566794369,47.6109334614691],[-122.153553918197,47.6099465298038],[-122.158781013983,47.6099735039049],[-122.158906600352,47.6099692995444],[-122.158949893558,47.6116687710149],[-122.158937654756,47.6153266032227],[-122.159061017055,47.6153937135565],[-122.159131507451,47.6172052857749],[-122.159037986335,47.6171954076286],[-122.159017142122,47.6179688659207],[-122.160359730203,47.6179806374322],[-122.160373856542,47.619011426634],[-122.159027396713,47.6190079246405],[-122.159030299774,47.620713350484],[-122.159145082486,47.6244217989862],[-122.159101386502,47.6296838345424],[-122.157689897014,47.6295523731811],[-122.156382319438,47.6294935472593],[-122.155142619484,47.6295518195423],[-122.153904587806,47.6296758644767],[-122.153084837018,47.6298197241284],[-122.151837894472,47.6300727190175],[-122.150666219544,47.6304153100925],[-122.149501568656,47.6308757105655],[-122.14897844521,47.6311595069822],[-122.148896056799,47.631204203756],[-122.148293155257,47.6315312777786],[-122.145160945542,47.6315016098239],[-122.143068092245,47.6315092565309]]]},"properties":{"BSD_Name":"Stevenson Elementary","OSPI_Name":"Stevenson Elementary","School_Grades_Serviced":"K-5"}},{"type":"Feature","geometry":{"type":"Polygon","coordinates":[[[-122.158745577558,47.601737259252],[-122.158740493999,47.601736824188],[-122.158738866071,47.6016896045168],[-122.158728884854,47.6014001994456],[-122.158741192774,47.6008303808046],[-122.158745997502,47.6006079189078],[-122.158875845947,47.5945958409405],[-122.158863839949,47.5941243741712],[-122.158889075051,47.5935236046068],[-122.15889767699,47.5930656075521],[-122.158905649586,47.5927419703866],[-122.158905028391,47.5923992408225],[-122.158920824427,47.5920645445163],[-122.158466230439,47.5920396806669],[-122.158435098584,47.5911352177771],[-122.158325625811,47.5911337507642],[-122.158373124891,47.5891782245559],[-122.157590498601,47.5891626616747],[-122.156524246236,47.5891503928182],[-122.155482933257,47.5891625024389],[-122.154202846627,47.5891564575139],[-122.153614214578,47.5891513062317],[-122.153629038214,47.587338740901],[-122.153623307925,47.5867931704183],[-122.154738199977,47.5868076424947],[-122.155624626504,47.5864436364148],[-122.155673120508,47.5862785591587],[-122.155696119897,47.5860671656561],[-122.155682586116,47.5858534548371],[-122.155642363044,47.5857058602025],[-122.155511266223,47.5854907739871],[-122.15577266514,47.5854109620135],[-122.156014223287,47.5853478320751],[-122.156350347548,47.5854974680309],[-122.157226801167,47.5855393661089],[-122.159018411818,47.5855514004052],[-122.158954395637,47.5836739461823],[-122.16403077649,47.5837736954193],[-122.163955198205,47.5819265376278],[-122.163957307891,47.5802649209642],[-122.161823824177,47.5800877437178],[-122.161823412957,47.5800129363311],[-122.161820447443,47.5791026604203],[-122.16145457581,47.5782624292956],[-122.161770760221,47.5782669613665],[-122.161792801294,47.577383811782],[-122.164503541541,47.5773795321658],[-122.164495707656,47.5772315609231],[-122.164500251013,47.576458291683],[-122.164621424054,47.5764431629027],[-122.164621677167,47.5761360675638],[-122.165468884138,47.576466141692],[-122.165586568459,47.5764729887087],[-122.165594900258,47.5760067683663],[-122.164860938345,47.57598520365],[-122.164873677312,47.5755326405908],[-122.164517142063,47.5755340728381],[-122.164522373478,47.5746291836505],[-122.164514510267,47.5741631530036],[-122.165228052021,47.5741794744979],[-122.165844379442,47.5741969311736],[-122.165844326952,47.5737198410196],[-122.165836384074,47.573251068451],[-122.16594197885,47.5732607982558],[-122.165937489086,47.5730853690832],[-122.165933912323,47.5729455739942],[-122.165946727535,47.5726547821709],[-122.165942080912,47.5723148409325],[-122.165915322099,47.5722191881281],[-122.165889266116,47.5721509458559],[-122.165838416629,47.5720638009766],[-122.165775764704,47.571990503608],[-122.165716954388,47.5719089354836],[-122.165695580672,47.5718653159021],[-122.165678255799,47.5718216474258],[-122.165652340834,47.5717588878283],[-122.165638506853,47.5716932442318],[-122.165628582454,47.571622070835],[-122.165634228369,47.5715260384198],[-122.165640856552,47.5714683810957],[-122.165689794418,47.5713224865561],[-122.16573650609,47.5712479074625],[-122.165834680578,47.5711261137503],[-122.165905974931,47.5710622146437],[-122.166092974916,47.5709284118304],[-122.166140527679,47.5708867259502],[-122.166188219697,47.5708505218503],[-122.166227740588,47.5708116719629],[-122.166283254052,47.5707644082139],[-122.166342885897,47.5707198390968],[-122.166386388288,47.5706782002612],[-122.166422331059,47.5704995560254],[-122.164962804541,47.5704618197825],[-122.165106287735,47.5702106264305],[-122.165758687511,47.5691062218631],[-122.1651860627,47.5690526098237],[-122.165447261773,47.5686519736883],[-122.167256551835,47.5689022096699],[-122.16733755844,47.5684269097973],[-122.168043274589,47.568457014681],[-122.16878185674,47.5683468916502],[-122.168967531994,47.5683200331087],[-122.169492156415,47.5682398380565],[-122.169531475028,47.5678774441928],[-122.169602163888,47.5676708979562],[-122.169618156888,47.567624169906],[-122.17456725574,47.5675604117465],[-122.174552486058,47.5691892793957],[-122.17454574452,47.5695567745172],[-122.174529641985,47.5706619538778],[-122.174525441782,47.5711281276841],[-122.172190797203,47.5710925775727],[-122.17218615303,47.5715423050547],[-122.173341792617,47.5715780460439],[-122.173329691638,47.5720525387877],[-122.172660872922,47.5720412251975],[-122.172667710442,47.5723071096578],[-122.172485368553,47.5723065151318],[-122.172489609289,47.5731016185265],[-122.172523024625,47.5744008891541],[-122.172517998019,47.5749931996881],[-122.174466237152,47.5749647549121],[-122.174517775921,47.5769657399936],[-122.174424385639,47.577430223412],[-122.174331558295,47.5779166362904],[-122.174288425652,47.5782873018138],[-122.174288583752,47.5786081039484],[-122.17427736562,47.5789591995505],[-122.174321491214,47.5794138365761],[-122.174360606568,47.5796738562996],[-122.174418963019,47.5800515510291],[-122.174460999922,47.5802676666695],[-122.174505394368,47.5804179476467],[-122.175023937409,47.5804118309458],[-122.175583271479,47.5804161992183],[-122.176327403148,47.5803580588964],[-122.177209057692,47.5802900646455],[-122.178098811446,47.5802219668271],[-122.179153808116,47.5801190037407],[-122.180343053545,47.5800363762023],[-122.182497728645,47.5798353525599],[-122.184769855455,47.5795984659064],[-122.185257979385,47.5795475748481],[-122.185271450057,47.5805345028618],[-122.18518883049,47.5835954613649],[-122.185167462648,47.5843332903526],[-122.185297025224,47.5858891584853],[-122.185471513083,47.5873019112378],[-122.185841653503,47.5906289370767],[-122.185827742984,47.5925895710037],[-122.185532648266,47.6024502597309],[-122.184887405733,47.6027376015363],[-122.184486747205,47.6029205847178],[-122.184354213338,47.6029687717105],[-122.184173755028,47.6030449460909],[-122.184025436638,47.6031097704733],[-122.183712797773,47.603247835755],[-122.183383092506,47.6033531991845],[-122.183088084837,47.603389601605],[-122.18290605974,47.6034054702577],[-122.181595199938,47.603352464287],[-122.180430177009,47.6032949743956],[-122.179160206066,47.6032551655156],[-122.178536984061,47.6032981811763],[-122.178032780653,47.6033973666094],[-122.177493373339,47.6035463188117],[-122.176917892869,47.6038684359499],[-122.175129547393,47.6021210098069],[-122.174873116088,47.6019238758016],[-122.174379577781,47.6016500198344],[-122.174162098258,47.6015483897784],[-122.173818842969,47.6014427582238],[-122.172868768652,47.6012291125804],[-122.172377573693,47.6010457030026],[-122.171397134907,47.6005965987463],[-122.170441592182,47.6001691274665],[-122.169928464046,47.5999201608194],[-122.169554044393,47.5997052062744],[-122.169034903352,47.599379531941],[-122.16831744912,47.5989081209038],[-122.167282833931,47.5982402645206],[-122.166928489723,47.5980168411999],[-122.166427628637,47.5977704564734],[-122.165429635566,47.5974229574739],[-122.164831262431,47.5973257697647],[-122.163958026167,47.5972592144215],[-122.163306215258,47.5972915138403],[-122.162692765641,47.5973973923441],[-122.161870894925,47.5975961835282],[-122.161437566725,47.5977712411044],[-122.161148935867,47.5978979956944],[-122.160562447001,47.5982667701464],[-122.160090469159,47.598675334886],[-122.159841796148,47.5989387148283],[-122.159616106658,47.5993087603456],[-122.159474192299,47.5996257328618],[-122.159365955546,47.5999916664064],[-122.159238423558,47.6008733027857],[-122.1591412218,47.6011952371673],[-122.159059253103,47.6014786074861],[-122.158745577558,47.601737259252]]]},"properties":{"BSD_Name":"Woodridge Elementary","OSPI_Name":"Woodridge Elementary","School_Grades_Serviced":"K-5"}},{"type":"Feature","geometry":{"type":"Polygon","coordinates":[[[-122.143338773646,47.653466518518],[-122.142964513959,47.6459339968977],[-122.132301446102,47.6460525785021],[-122.121647146567,47.6460700361492],[-122.110931170624,47.6460909535478],[-122.110929246381,47.638576208943],[-122.110927585475,47.6333047645539],[-122.110926951422,47.6312909665508],[-122.112422815649,47.6312836197997],[-122.112587707421,47.6312828098355],[-122.114182451741,47.6313087470822],[-122.118109569892,47.6313357814478],[-122.119424447147,47.6313620623257],[-122.120945458931,47.6313585777103],[-122.121213097357,47.6313555508108],[-122.121692009772,47.6313665826377],[-122.122260201831,47.6313793441379],[-122.124371110683,47.6314459057481],[-122.125645511315,47.6314753149213],[-122.127057649451,47.6314976621076],[-122.128429443355,47.6315286754027],[-122.132382834558,47.6316316923149],[-122.13408984094,47.6316039747149],[-122.137723648938,47.6315788458189],[-122.13939813938,47.6315486788288],[-122.143068092245,47.6315092565309],[-122.145160945542,47.6315016098239],[-122.148293155257,47.6315312777786],[-122.148430612047,47.6315132376163],[-122.148322410591,47.6403899805264],[-122.148355923417,47.6415548957167],[-122.148269395202,47.6459950119975],[-122.148400606665,47.6534294944881],[-122.148408846283,47.6534588935072],[-122.143338773646,47.653466518518]]]},"properties":{"BSD_Name":"Ardmore Elementary","OSPI_Name":"Ardmore Elementary School","School_Grades_Serviced":"K-5"}},{"type":"Feature","geometry":{"type":"Polygon","coordinates":[[[-122.127916153113,47.5926519454077],[-122.126501083866,47.5926323971724],[-122.126493418444,47.594444865834],[-122.12245966696,47.5944193596658],[-122.122440141447,47.5954313332608],[-122.122386751013,47.5962215988653],[-122.1161659891,47.5961508414933],[-122.116074079481,47.5961497955409],[-122.11561547482,47.5961445794493],[-122.1155572105,47.5961476041782],[-122.115494716029,47.5958498185193],[-122.11542211712,47.595041783775],[-122.115624261516,47.5945267755796],[-122.11532110839,47.592092669359],[-122.115284925018,47.5906234336437],[-122.115466261372,47.5890996512064],[-122.113409147253,47.5890076617655],[-122.111848181045,47.5889840901614],[-122.110434092325,47.5889999758477],[-122.109944223531,47.5890219264115],[-122.097380684901,47.5890347510528],[-122.098016141892,47.5877824448189],[-122.09827414064,47.5779194459596],[-122.111630243169,47.5780089491214],[-122.112268137586,47.5780128268673],[-122.112281180159,47.5780129037031],[-122.112844106642,47.5780163031129],[-122.112855952489,47.5780163748526],[-122.113331144675,47.5780192570042],[-122.113333228222,47.5780192695655],[-122.113435784375,47.5780198756749],[-122.11344017764,47.5780199030094],[-122.113558067625,47.5780196446637],[-122.113561163702,47.5780196377882],[-122.113564753424,47.5779976227299],[-122.113624863071,47.5776288869773],[-122.113627469954,47.5776130106052],[-122.113629793663,47.5775971363711],[-122.113631751586,47.5775812122955],[-122.113633197603,47.5775673508715],[-122.113633430543,47.5775652921505],[-122.113634739054,47.5775493456029],[-122.113635763841,47.5775333796089],[-122.113636424231,47.5775174096803],[-122.113636800375,47.5775014499245],[-122.113636816383,47.577485489808],[-122.113636543145,47.577469508471],[-122.113635906729,47.5774535601289],[-122.113634991079,47.5774376101689],[-122.113633707312,47.5774216671561],[-122.113632139211,47.5774057280111],[-122.113630206537,47.577389819207],[-122.113627992087,47.5773739151265],[-122.113625454116,47.5773580388991],[-122.113622551634,47.5773421983584],[-122.113619369922,47.5773263562682],[-122.113615861776,47.577310576276],[-122.113612026269,47.5772948277545],[-122.113607872437,47.5772791079739],[-122.113603393953,47.5772634188037],[-122.113598594171,47.5772477907008],[-122.113593466976,47.5772321922869],[-122.113588061034,47.5772166517463],[-122.113582292678,47.5772011693462],[-122.113576243395,47.5771857195558],[-122.11356986557,47.5771703525933],[-122.113563207892,47.5771550470836],[-122.11355622752,47.5771397999868],[-122.11354892837,47.5771246067932],[-122.113541297524,47.57710947577],[-122.1135333967,47.5770944312876],[-122.113525168706,47.5770794713275],[-122.113516650119,47.5770645694042],[-122.113507822446,47.577049780542],[-122.113498706787,47.5770350487893],[-122.113489317173,47.5770204026726],[-122.113479593893,47.5770058439781],[-122.113469553549,47.5769913957818],[-122.113459271675,47.5769770067247],[-122.113448671238,47.5769627623223],[-122.113437787819,47.5769485696131],[-122.113426621581,47.5769345211321],[-122.113415177487,47.57692055649],[-122.113403449627,47.5769067046949],[-122.113391399892,47.5768929383074],[-122.113379108597,47.5768793137259],[-122.113366544242,47.5768658009519],[-122.113353690751,47.5768524009619],[-122.113340603492,47.576839139174],[-122.113327235734,47.5768259676355],[-122.113313587222,47.5768129582552],[-122.113299651366,47.5768000338725],[-122.113285476138,47.5767872800542],[-122.113276737517,47.5767795650118],[-122.113262416979,47.5767671946621],[-122.113247853492,47.5767549670966],[-122.113233005629,47.5767428756912],[-122.113217924233,47.5767309269395],[-122.113202639603,47.5767191177487],[-122.113187080019,47.5767074481517],[-122.113171277379,47.5766959177755],[-122.113155232526,47.5766845545066],[-122.113138953639,47.5766733608365],[-122.113122431515,47.5766623037161],[-122.11310571568,47.5766513895887],[-122.113088799446,47.5766406652953],[-122.11307159913,47.5766300835317],[-122.113054245656,47.576619669356],[-122.113036608779,47.5766094201837],[-122.113018820616,47.5765993133482],[-122.113000784236,47.5765893961855],[-122.112982593012,47.5765796746005],[-122.112964166656,47.576570092948],[-122.112945540268,47.5765607066073],[-122.11292675662,47.5765514861285],[-122.112907770653,47.5765424322036],[-122.112888588447,47.576533571687],[-122.112869212843,47.5765249081038],[-122.112849673288,47.5765164069102],[-122.112831408859,47.5765087058249],[-122.112829981475,47.5765081030402],[-122.112811683271,47.5765006048362],[-122.112791672659,47.5764926588644],[-122.112771467072,47.5764849045692],[-122.112751103115,47.5764773197148],[-122.112730620974,47.576469956937],[-122.112709941595,47.5764627579001],[-122.11268914679,47.5764557817241],[-122.112668191562,47.5764489975686],[-122.112647121152,47.5764424074811],[-122.11262593837,47.5764360106],[-122.112604552218,47.5764298360141],[-122.112583085485,47.576423854126],[-122.11256150893,47.576418062667],[-122.112539819907,47.5764124679798],[-122.112517968242,47.5764071192893],[-122.112496041764,47.576401936278],[-122.112473998467,47.5763969770372],[-122.112451880589,47.5763922347448],[-122.112429644996,47.5763876865547],[-122.112407333615,47.5763833589626],[-122.112384902618,47.5763792497642],[-122.112362442862,47.5763753352196],[-122.112354753491,47.5763740509292],[-122.112334776714,47.5763724112155],[-122.1123209455,47.57637182716],[-122.112300404811,47.5763686857845],[-122.112278803695,47.5763634442174],[-122.112254793665,47.5763593011096],[-122.112230860667,47.5763549347044],[-122.112207004817,47.5763503521976],[-122.112183221525,47.57634557264],[-122.112159556667,47.5763405755187],[-122.112136009561,47.5763353851771],[-122.112112538518,47.5763299427623],[-122.112089179696,47.5763243386666],[-122.112065944523,47.5763185152216],[-122.112042819441,47.5763124662402],[-122.112019814506,47.5763062563596],[-122.111996925659,47.5762997947435],[-122.111974151412,47.5762931697004],[-122.111951536751,47.5762863211098],[-122.111929034531,47.5762792811552],[-122.111906692592,47.5762720473928],[-122.111884471139,47.5762646203046],[-122.111862399886,47.5762569708272],[-122.111840448545,47.5762491559305],[-122.111818695511,47.5762411250397],[-122.111797101887,47.5762329183814],[-122.111775619671,47.5762245230471],[-122.111754339059,47.5762159369672],[-122.111733214487,47.576207150764],[-122.111712291594,47.5761981729232],[-122.111691524585,47.5761890300572],[-122.111670913854,47.576179691589],[-122.11165050154,47.5761701876447],[-122.111630289429,47.5761604901642],[-122.11161023049,47.576150625023],[-122.111590371649,47.5761405628516],[-122.11157075115,47.5761303390393],[-122.111551287773,47.576119947512],[-122.11153202549,47.5761093886214],[-122.111513001945,47.5760986375132],[-122.111494180153,47.5760877441892],[-122.111475550612,47.5760766556577],[-122.111469297772,47.5760728875524],[-122.111181726701,47.5759026131586],[-122.111154715159,47.5758867109474],[-122.111127945537,47.5758706713093],[-122.111101371449,47.5758544643827],[-122.111074996386,47.5758380648259],[-122.111048860266,47.5758215198638],[-122.11102296463,47.5758048402372],[-122.110997263916,47.5757879663239],[-122.110971806119,47.5757709477735],[-122.110946547623,47.5757537960878],[-122.110921568521,47.5757364732136],[-122.110896789157,47.5757189847074],[-122.110872242134,47.5757013535618],[-122.110847944956,47.5756835858409],[-122.110823877997,47.5756656521359],[-122.11080009927,47.5756475749507],[-122.110776519707,47.5756293601091],[-122.110753172667,47.5756110052994],[-122.110730109765,47.5755925089859],[-122.110707246574,47.5755738461508],[-122.110684660544,47.5755550724117],[-122.110662356043,47.5755361580279],[-122.110640253541,47.5755171059491],[-122.110618429748,47.5754979070272],[-122.110602828053,47.5754846769436],[-122.110591185346,47.5754741421548],[-122.110591350905,47.5754603784531],[-122.110592573093,47.5753584662566],[-122.110592915605,47.5753299536844],[-122.110595149144,47.575139581375],[-122.110595236092,47.5751321579842],[-122.110596155696,47.5750539594891],[-122.110602893159,47.5744813451455],[-122.110604631947,47.5743355885599],[-122.110604640315,47.5743346340057],[-122.11060580315,47.5742746293083],[-122.110609957937,47.5740615030713],[-122.110615322249,47.5737873198175],[-122.11062060112,47.5735151572191],[-122.110631336049,47.5729665251659],[-122.110632536194,47.5729047647834],[-122.110632636406,47.5728996305803],[-122.1106341557,47.5728217520491],[-122.110634293554,47.5728146463442],[-122.110636446531,47.5727050398494],[-122.110636708564,47.5726917011541],[-122.110636818285,47.5726860396291],[-122.110638572221,47.5725940897377],[-122.110638606729,47.572592370187],[-122.110641763979,47.5724297119252],[-122.110642797997,47.5723764537758],[-122.110643005692,47.5723658927792],[-122.110643080505,47.5723620281986],[-122.110644750484,47.5722765472129],[-122.110646315494,47.5721964389669],[-122.11064635598,47.5721944341805],[-122.110663630504,47.5713083684547],[-122.110666501619,47.5711610739894],[-122.110666600749,47.5711559478168],[-122.110675428278,47.5707039871985],[-122.110676852709,47.5706301048479],[-122.110679984873,47.5704700564067],[-122.110681043875,47.5704160008031],[-122.110682357324,47.570349057422],[-122.111532764513,47.5706279179153],[-122.111682194589,47.5706811570669],[-122.11266980213,47.5710327427204],[-122.113134284489,47.5711981162195],[-122.114074795511,47.5715333323206],[-122.114850481747,47.5718102389171],[-122.116206368131,47.5722942732815],[-122.116821547815,47.5725136180208],[-122.118794877124,47.5732177307889],[-122.118835459363,47.5732320214474],[-122.120948800424,47.5739872722735],[-122.121360096675,47.5741317134149],[-122.12215403565,47.5744369114565],[-122.123067813795,47.5744423711115],[-122.123686012995,47.5744460786243],[-122.12387915246,47.5744472081049],[-122.123965954438,47.5744477554596],[-122.124018881696,47.5744480596447],[-122.124488193426,47.5744508464926],[-122.124952760062,47.5744536058275],[-122.125059626141,47.5744542566835],[-122.125703474189,47.5744581004976],[-122.12608374845,47.5744603435606],[-122.126125091495,47.5744605898225],[-122.126733277935,47.5744642131209],[-122.126734665306,47.5743830381781],[-122.126738526687,47.5741599987671],[-122.126741038637,47.5740148431151],[-122.12674237519,47.5739381064329],[-122.126745646926,47.5737484965359],[-122.126746102284,47.5737227465463],[-122.126749895599,47.5735020099452],[-122.126750831406,47.573446667709],[-122.126751324991,47.5734191612235],[-122.126753746384,47.5732785837772],[-122.126755769851,47.5731610181076],[-122.126758227552,47.573020193643],[-122.126759685785,47.5729353709049],[-122.126761169362,47.5728483258021],[-122.126766763423,47.572525269635],[-122.12676741123,47.5724877794974],[-122.126769911375,47.5723422416067],[-122.126771206662,47.5722686898406],[-122.126772463477,47.5721953580952],[-122.126772988813,47.5721659297872],[-122.126775574686,47.5720515118164],[-122.126778005002,47.5719469912687],[-122.126780536,47.5718368748746],[-122.126784671664,47.5714911447484],[-122.12678572929,47.5714033868182],[-122.126786677191,47.5713240188839],[-122.126792182581,47.5710105817734],[-122.126794520502,47.5708780428374],[-122.126802489641,47.5704257348545],[-122.126807223344,47.5703373920627],[-122.126805621657,47.5702499977631],[-122.126808976542,47.5700588535215],[-122.126812558509,47.569855667231],[-122.126816703103,47.5696195698125],[-122.126820071255,47.569428863409],[-122.126823062056,47.5692296586893],[-122.126821771696,47.5692169784871],[-122.126822783295,47.5692020235737],[-122.126830297894,47.5687608508864],[-122.126830377569,47.5687380404969],[-122.12683336629,47.5686755718663],[-122.126834560231,47.5686062439324],[-122.126834391439,47.5685930299241],[-122.126840049061,47.5682953353272],[-122.126846029909,47.5679572196872],[-122.126847957921,47.5677911830721],[-122.126848166585,47.5677721264813],[-122.126849299618,47.5676681365552],[-122.126851476419,47.56759429799],[-122.126855869376,47.5675883247046],[-122.126862637498,47.5675787326447],[-122.126869119392,47.5675690375103],[-122.126875320983,47.5675592608796],[-122.126881194509,47.5675494041733],[-122.126886780311,47.5675394418087],[-122.126892082895,47.5675294285604],[-122.126897057396,47.5675193379789],[-122.126901706413,47.5675091655722],[-122.126906070849,47.5674989440833],[-122.126910109389,47.5674886704559],[-122.126913824776,47.5674783482847],[-122.126917250545,47.567467944679],[-122.126920356661,47.5674575176374],[-122.126923132916,47.5674470412547],[-122.126925588095,47.5674365378916],[-122.126927718181,47.5674260120598],[-122.126929558395,47.5674154362601],[-122.12693103886,47.5674048340885],[-122.126932235072,47.5673942367081],[-122.126933066381,47.5673836165922],[-122.126933571301,47.5673729712839],[-122.126933785344,47.5673623327785],[-122.126931480282,47.5673035425457],[-122.126929646459,47.5672933940888],[-122.126927496009,47.5672834110688],[-122.126925061399,47.567273482398],[-122.126922304929,47.5672635906435],[-122.126919226404,47.567253729433],[-122.126915818587,47.5672439205285],[-122.126912095022,47.5672341762847],[-122.126908084694,47.5672244873175],[-122.126903755841,47.5672148549614],[-122.126899100637,47.5672052883051],[-122.126894124066,47.567195774735],[-122.126888866563,47.5671863748303],[-122.126883326357,47.5671770337783],[-122.126877467058,47.5671677772436],[-122.126871324635,47.5671586056152],[-122.126864861913,47.5671495220852],[-122.126858114311,47.5671405522756],[-122.126851949551,47.5671327410638],[-122.126849831422,47.5669892004263],[-122.126849783363,47.5669857926753],[-122.126849496701,47.5669520532035],[-122.126849010354,47.5668947551259],[-122.126848620972,47.5668486201883],[-122.126845524932,47.5664834669537],[-122.126845478415,47.5664779730945],[-122.126837840339,47.565576721977],[-122.126837246543,47.5655057789837],[-122.126836734687,47.565445114201],[-122.126836040107,47.5653628857512],[-122.126834530004,47.5651846907205],[-122.126833786427,47.5650972788127],[-122.126833699162,47.565087656529],[-122.126833129303,47.5650202035238],[-122.126831620509,47.5648420075549],[-122.126831348514,47.5648102306158],[-122.126831284285,47.5648025438418],[-122.126830110436,47.56466381248],[-122.12682891743,47.5645231031816],[-122.126828874857,47.5645174328911],[-122.126828621714,47.5644856197653],[-122.126827213795,47.5643074196012],[-122.126825546084,47.5640963602205],[-122.126825536291,47.5640949921608],[-122.126825251562,47.5640593544834],[-122.126825212547,47.564053667965],[-122.126824736066,47.5639937708521],[-122.126824418853,47.5639534451545],[-122.12682425,47.5639316816723],[-122.126822381788,47.5636955964464],[-122.126821570552,47.5635928370792],[-122.126820993298,47.5635046005633],[-122.12681916112,47.5632251711173],[-122.126818572489,47.5631356870534],[-122.12681797827,47.5630454546681],[-122.126817745251,47.5630100312829],[-122.126816274024,47.5627856608442],[-122.126815147603,47.5626653606912],[-122.126812130466,47.5623415505617],[-122.126809910722,47.562102211001],[-122.126809176867,47.5620269321255],[-122.126808716106,47.5619741791136],[-122.126808380353,47.5619410069253],[-122.126807533242,47.5618492775267],[-122.126806511517,47.5617386489358],[-122.126805178068,47.5615967728152],[-122.126803520761,47.5614207619228],[-122.126803136645,47.5613792001799],[-122.126801352301,47.5611850665293],[-122.126801081299,47.5611561987251],[-122.126798961103,47.5609304572316],[-122.126796085015,47.5606206034419],[-122.126795576359,47.5605674974982],[-122.126795071337,47.5605129422812],[-122.126791862396,47.5601683509712],[-122.126780936233,47.5598817192839],[-122.126780122061,47.5598389112981],[-122.126774906748,47.5595654117268],[-122.126775341238,47.5594979004475],[-122.126775860499,47.5594228792685],[-122.126776396697,47.5593424821154],[-122.126777976053,47.5591058678651],[-122.12677824665,47.5590654223413],[-122.126779071013,47.5589435879381],[-122.126779356505,47.5589019331699],[-122.126780303235,47.5587649699409],[-122.126780754179,47.558697999037],[-122.126781566336,47.558576066829],[-122.126782117374,47.5584940636519],[-122.126782860241,47.5583833796072],[-122.126783447599,47.5582977731484],[-122.126784145364,47.5581954656308],[-122.126785138122,47.5580466247612],[-122.12678528109,47.558025758259],[-122.12678542925,47.5580024501733],[-122.12678675879,47.557809623936],[-122.126789821432,47.5573538354794],[-122.126790427471,47.5572657854923],[-122.126791058974,47.5571720346289],[-122.126793450284,47.5568166308496],[-122.126794766678,47.5566184900203],[-122.126797446188,47.5562238754742],[-122.129107544139,47.5562199912732],[-122.129076419175,47.5554540458146],[-122.129062634205,47.555114815269],[-122.129062075765,47.5551133684367],[-122.128919097979,47.5547583604855],[-122.128919442594,47.5547575883491],[-122.129053875375,47.554441783484],[-122.129145837192,47.5542260466239],[-122.129254567617,47.5540169145902],[-122.129512695653,47.5536788049945],[-122.129606056054,47.5535565771832],[-122.129606601568,47.5535558589225],[-122.129644844115,47.5535056848187],[-122.129826598717,47.5532673146678],[-122.130073847136,47.5529429546487],[-122.130074440132,47.5529421835564],[-122.130379008442,47.5525321930416],[-122.130430997736,47.5524583672842],[-122.130433881363,47.5524555895558],[-122.130628873744,47.5522676289801],[-122.130924397124,47.5521207734555],[-122.131346074722,47.5518468719456],[-122.131346503062,47.5518463198987],[-122.131407082156,47.551771103181],[-122.131433398684,47.551653611468],[-122.131472425142,47.5514791689984],[-122.131537805871,47.5511872341319],[-122.131585620591,47.5509735865897],[-122.131621590751,47.5508129978801],[-122.131687006708,47.5505207879951],[-122.131760070262,47.5501943259047],[-122.132007846858,47.5499441222493],[-122.132191821289,47.5497582866774],[-122.132711251675,47.549277265233],[-122.132759703606,47.5492275765711],[-122.132812600002,47.5490441977792],[-122.132823517293,47.5490062887827],[-122.132770981463,47.5488402931573],[-122.132702185244,47.5486230177082],[-122.132694268026,47.5485980467975],[-122.132626456866,47.5483878083479],[-122.132625844664,47.5483859484599],[-122.132800301125,47.547968313805],[-122.13252798621,47.547776259562],[-122.132299862969,47.5476170944279],[-122.132198765176,47.5474584097126],[-122.132099535745,47.5473026699899],[-122.13191462676,47.547057353867],[-122.131671337206,47.5467345905916],[-122.131460716611,47.5464551037511],[-122.131317020186,47.5462644287431],[-122.131259076407,47.5461892461312],[-122.13199877574,47.5456713609572],[-122.132000331077,47.5456703001209],[-122.13201621956,47.5456595066434],[-122.132032317223,47.5456489027145],[-122.132048656777,47.5456384357109],[-122.132065204478,47.5456281277663],[-122.132082003064,47.545617982669],[-122.132099003125,47.5456080002886],[-122.132116213527,47.5455982057262],[-122.132133588548,47.5455885770018],[-122.132151210123,47.54557910858],[-122.132167298794,47.5455713851964],[-122.132185208208,47.5455636398614],[-122.132204498043,47.5455561532093],[-122.132214749597,47.5455530211544],[-122.132228220005,47.5455477929799],[-122.132245283545,47.5455401935678],[-122.132263983734,47.5455316734502],[-122.132282850212,47.5455232876832],[-122.132301879944,47.5455151191831],[-122.132321079013,47.5455071416796],[-122.13234044367,47.5454993219796],[-122.132360018481,47.5454917269777],[-122.132379716163,47.5454842866761],[-122.132399538986,47.5454770686994],[-122.132419573521,47.5454700402339],[-122.132439728545,47.5454631746591],[-122.132460013343,47.5454565537591],[-122.132480469131,47.5454500951104],[-122.13250100474,47.545443856611],[-122.132521708162,47.5454378056328],[-122.132542541049,47.5454319461406],[-122.132563496218,47.5454263081218],[-122.132584578725,47.5454208814289],[-122.132605751012,47.5454156495885],[-122.132627049417,47.5454106355344],[-122.132648433471,47.5454058136487],[-122.132669901213,47.5454012091844],[-122.132691496897,47.545396792731],[-122.132713181306,47.5453926259827],[-122.132734947081,47.5453886470756],[-122.132756806037,47.5453848880615],[-122.132778746488,47.5453813177777],[-122.132800731691,47.545377996033],[-122.132822802491,47.5453748646748],[-122.13284492111,47.5453719530227],[-122.132822153961,47.5452871338998],[-122.132812834672,47.545259053008],[-122.132938893114,47.5452591470466],[-122.133166847181,47.5452593128095],[-122.133226232018,47.54525935811],[-122.133389783054,47.5452594737798],[-122.13380292753,47.5452597642728],[-122.134360480081,47.5452601545907],[-122.134838784935,47.5452604922531],[-122.135652842907,47.5452610648975],[-122.13593206514,47.5452612636493],[-122.136354483453,47.5452615488542],[-122.136467599438,47.5452616247811],[-122.137004693789,47.5452619912071],[-122.13751940216,47.5452623892383],[-122.13804083417,47.5452626849573],[-122.138060814221,47.5452626981833],[-122.138061664497,47.5452796306061],[-122.138061334944,47.5453191310675],[-122.138046664816,47.5470763119604],[-122.138045740157,47.5471868457322],[-122.138039388048,47.5479477413735],[-122.138484941759,47.5479508513241],[-122.138499995462,47.5493600082395],[-122.138476715754,47.5523105453328],[-122.139845399716,47.5523003051684],[-122.139821022782,47.5519743006296],[-122.142776601192,47.5519348063545],[-122.142782491509,47.5524913411281],[-122.148157261472,47.5525005851795],[-122.148134414794,47.559297999184],[-122.148130603118,47.559788842798],[-122.142754736152,47.5597658923639],[-122.142823238195,47.5618461976086],[-122.142899923799,47.5619961179021],[-122.14283616166,47.5620379797616],[-122.142874102429,47.563224780628],[-122.142877635665,47.5635263478528],[-122.142903171614,47.5642197525284],[-122.142929812182,47.56495701331],[-122.142807243699,47.5652380975822],[-122.142825734708,47.5654901384813],[-122.14294874966,47.565549043017],[-122.143004809094,47.5672949801569],[-122.144301259879,47.5672964910836],[-122.146683348298,47.5672936763837],[-122.148283350468,47.5672834082221],[-122.148284714295,47.5699046412252],[-122.148826661176,47.5700272416734],[-122.149585355552,47.5702295875857],[-122.150046994026,47.5703805302076],[-122.150332736421,47.5704649608901],[-122.151084869031,47.5707276943663],[-122.15186695753,47.5710531390681],[-122.153042899632,47.5715714244272],[-122.153753653391,47.5717989755462],[-122.153770752543,47.572473283056],[-122.153815376675,47.5724755077373],[-122.153826201707,47.5730621468437],[-122.153696513564,47.5730609115317],[-122.153715184324,47.5745961556799],[-122.153014347087,47.5746015499353],[-122.152824313136,47.5746174643011],[-122.15292692568,47.5749891713157],[-122.153010627532,47.5752541637781],[-122.153593177634,47.5756970723324],[-122.153964558764,47.5759614661219],[-122.154183910204,47.5761426244651],[-122.154258840573,47.5762212695992],[-122.154302825793,47.576357853286],[-122.15431436932,47.5768128738715],[-122.154319288862,47.5771665210971],[-122.154287437681,47.5778276881802],[-122.15433820352,47.5779120970453],[-122.154342012314,47.5782218871341],[-122.155744338053,47.5782330072999],[-122.155742088166,47.5792612451688],[-122.155712229357,47.579681102792],[-122.155688132198,47.5796803575325],[-122.155621025375,47.5796782855253],[-122.155554221852,47.5796762227438],[-122.153755774891,47.5796206735752],[-122.153648010061,47.5796173449109],[-122.15109963738,47.5794769062029],[-122.147842622688,47.5793555697088],[-122.145195627504,47.5793203301782],[-122.140309084226,47.5791764362897],[-122.142155042451,47.5813596838723],[-122.142803885405,47.5823447787305],[-122.142815457272,47.5847383134904],[-122.142816646078,47.5849466839822],[-122.143087526742,47.5854042011823],[-122.143304292179,47.585804763151],[-122.143388979215,47.5859491079438],[-122.144060714668,47.5870353817212],[-122.144465551814,47.587661350176],[-122.145176471697,47.5886637907107],[-122.145453074105,47.5890538103059],[-122.146683227724,47.5909040981984],[-122.145981548793,47.5908847787889],[-122.144927833498,47.5908887081341],[-122.142726244789,47.5908592344773],[-122.142622775129,47.5960919476039],[-122.142621359387,47.5963579269112],[-122.142033488562,47.5963537236745],[-122.139937307688,47.5963339487531],[-122.139106224975,47.5963297816062],[-122.138433392863,47.5963320187432],[-122.137232995342,47.5963101392733],[-122.135895435479,47.5963144941518],[-122.135202272506,47.596314203899],[-122.134545444503,47.596308009139],[-122.13184127157,47.5962895537187],[-122.131760518485,47.5962888479779],[-122.128982907405,47.5962645651443],[-122.128946486868,47.5951270999472],[-122.128716789441,47.5948555284595],[-122.128395762624,47.5944972551434],[-122.127911763362,47.5941051908981],[-122.127916153113,47.5926519454077]]]},"properties":{"BSD_Name":"Spiritridge Elementary","OSPI_Name":"Spiritridge Elementary School","School_Grades_Serviced":"K-5"}}]}